"requirementId","title","origin","testId","tasks","refinementRequirements","ac13","requiredScope","originalAuditStatus","originalReportedRemainingReal","implementationStatus","relatedCheckStatus","relatedCheckScope","sourceFiles","testFiles","evidenceRefs","formalAcceptanceStatus","pendingAcceptance","executedSource","candidateArchiveSha256","siteExecutionStatus","relatedCheckCandidateVersion","siteEvidenceCandidateVersion","siteEvidenceArchiveSha256","historicalSiteCandidateArchiveSha256"
"REQ-001","不修改 DSH 核心","A.0","TST-001","TODO-049;TODO-050","REQ-049","","LIVE_HOST + FIXTURE","CODE_PRESENT / 不等于整体验收","PASS","IMPLEMENTED_RELATED_CHECKS_PASS","PASS_RELATED_TESTS_NOT_FORMAL_TST","FIXTURE (related suite assertions only)","bundles/apps/server/index.ts;packages/dsh-plugin/client/plugin.ts","test/plugin-apps/host.test.ts;test/plugin-apps/native-lifecycle.test.ts","E-FULL-4;E-FULL-10;E-FROZEN-10","NOT_RUN","原 48 项本轮逐卡 scope/全部断言尚未独立归档；不能沿用历史 PASS；candidate.7 已正常重开/原@只读有窄证据；candidate.9实际安装/Runtime/健康已核对；原生全流程/注册/卸载仍待验","parent caea8175b5c7507bf942b2e752a7327063bfdd43 + uncommitted A.2 source snapshot; candidate10 build-manifest 143 sourceInputs zero mismatches; standalone backup module de45172149112ee6ff17f3baf57b43eb568b55019c85cf3020032d4917ff31bf; candidate9 installed/native-failure and candidate7 historical site scopes kept separately","7a07175ca7d824c5b68892c5eb6c0492abd8bf75c7f0df27b5d4029e0a54e84a","NOT_RUN","candidate10 Host10 Runtime7 schema4; full706/typecheck/source143 frozen; not installed; historical E-V/maintenance and candidate7/9 scopes as indexed","NOT_RUN","",""
"REQ-002","一个外壳与 N 个接入","A.0","TST-002","TODO-049;TODO-050","REQ-049;REQ-069","","LIVE_HOST + FIXTURE","CODE_PRESENT / 不等于整体验收","NOT_RUN","IMPLEMENTED_RELATED_CHECKS_PASS","PASS_RELATED_TESTS_NOT_FORMAL_TST","FIXTURE (related suite assertions only)","packages/service/src/apps-main.ts;bundles/apps/server/index.ts;bundles/apps/client/index.tsx","test/app-notes/provider.test.ts;test/plugin-apps/host.test.ts","E-FULL-4;E-FULL-10;E-FROZEN-10","NOT_RUN","原 48 项本轮逐卡 scope/全部断言尚未独立归档；不能沿用历史 PASS；candidate.7 已正常重开/原@只读有窄证据；candidate.9实际安装/Runtime/健康已核对；原生全流程/注册/卸载仍待验","parent caea8175b5c7507bf942b2e752a7327063bfdd43 + uncommitted A.2 source snapshot; candidate10 build-manifest 143 sourceInputs zero mismatches; standalone backup module de45172149112ee6ff17f3baf57b43eb568b55019c85cf3020032d4917ff31bf; candidate9 installed/native-failure and candidate7 historical site scopes kept separately","7a07175ca7d824c5b68892c5eb6c0492abd8bf75c7f0df27b5d4029e0a54e84a","NOT_RUN","candidate10 Host10 Runtime7 schema4; full706/typecheck/source143 frozen; not installed; historical E-V/maintenance and candidate7/9 scopes as indexed","NOT_RUN","",""
"REQ-003","一个业务事实来源","A.0","TST-003","TODO-049;TODO-050","REQ-078","","FIXTURE / 实际命令；对应真实范围另列","CODE_PRESENT / 不等于整体验收","NOT_RUN","IMPLEMENTED_RELATED_CHECKS_PASS","PASS_RELATED_TESTS_NOT_FORMAL_TST","FIXTURE (related suite assertions only);FIXTURE stock exact identity/readback and inspect-no-rewrite; independent source review52/52","packages/service/src/apps-main.ts;packages/app-hallmark/src/index.ts;packages/app-notes/src/index.ts;packages/core/src/write.ts","test/apps-components/presentation.test.ts;test/app-hallmark/provider.test.ts;test/core/stock-readback.test.ts","E-FULL-4;E-STOCK-SOURCE;E-V-STOCK-52;E-FULL-10;E-FROZEN-10","NOT_RUN","原 48 项本轮逐卡 scope/全部断言尚未独立归档；不能沿用历史 PASS","parent caea8175b5c7507bf942b2e752a7327063bfdd43 + uncommitted A.2 source snapshot; candidate10 build-manifest 143 sourceInputs zero mismatches; standalone backup module de45172149112ee6ff17f3baf57b43eb568b55019c85cf3020032d4917ff31bf; candidate9 installed/native-failure and candidate7 historical site scopes kept separately","7a07175ca7d824c5b68892c5eb6c0492abd8bf75c7f0df27b5d4029e0a54e84a","NOT_RUN","candidate10 Host10 Runtime7 schema4; full706/typecheck/source143 frozen; not installed; historical E-V/maintenance and candidate7/9 scopes as indexed","NOT_RUN","",""
"REQ-004","一个能力执行实现","A.0","TST-004","TODO-049;TODO-050","REQ-078","","FIXTURE / 实际命令；对应真实范围另列","CODE_PRESENT / 不等于整体验收","NOT_RUN","IMPLEMENTED_RELATED_CHECKS_PASS","PASS_RELATED_TESTS_NOT_FORMAL_TST","FIXTURE (related suite assertions only);FIXTURE stock exact identity/readback and inspect-no-rewrite; independent source review52/52","packages/app-runtime/src/index.ts;packages/app-hallmark/src/index.ts;packages/app-sdk/src/index.ts;packages/plugin-apps/client/component-handlers.ts;packages/core/src/write.ts","test/apps-runtime/http.test.ts;test/apps-components/presentation.test.ts;test/core/stock-readback.test.ts","E-FULL-4;E-STOCK-SOURCE;E-V-STOCK-52;E-FULL-10;E-FROZEN-10","NOT_RUN","原 48 项本轮逐卡 scope/全部断言尚未独立归档；不能沿用历史 PASS","parent caea8175b5c7507bf942b2e752a7327063bfdd43 + uncommitted A.2 source snapshot; candidate10 build-manifest 143 sourceInputs zero mismatches; standalone backup module de45172149112ee6ff17f3baf57b43eb568b55019c85cf3020032d4917ff31bf; candidate9 installed/native-failure and candidate7 historical site scopes kept separately","7a07175ca7d824c5b68892c5eb6c0492abd8bf75c7f0df27b5d4029e0a54e84a","NOT_RUN","candidate10 Host10 Runtime7 schema4; full706/typecheck/source143 frozen; not installed; historical E-V/maintenance and candidate7/9 scopes as indexed","NOT_RUN","",""
"REQ-005","唯一运行时目录","A.0","TST-005","TODO-049;TODO-050","REQ-050;REQ-069","","LIVE_HOST + FIXTURE","CODE_PRESENT / 不等于整体验收","NOT_RUN","IMPLEMENTED_RELATED_CHECKS_PASS","PASS_RELATED_TESTS_NOT_FORMAL_TST","FIXTURE (related suite assertions only)","packages/app-runtime/src/index.ts;packages/plugin-apps/src/index.ts","test/plugin-apps/host.test.ts;test/apps-runtime/runtime.test.ts","E-FULL-4;E-FULL-10;E-FROZEN-10","NOT_RUN","原 48 项本轮逐卡 scope/全部断言尚未独立归档；不能沿用历史 PASS；candidate.7 已正常重开/原@只读有窄证据；candidate.9实际安装/Runtime/健康已核对；原生全流程/注册/卸载仍待验","parent caea8175b5c7507bf942b2e752a7327063bfdd43 + uncommitted A.2 source snapshot; candidate10 build-manifest 143 sourceInputs zero mismatches; standalone backup module de45172149112ee6ff17f3baf57b43eb568b55019c85cf3020032d4917ff31bf; candidate9 installed/native-failure and candidate7 historical site scopes kept separately","7a07175ca7d824c5b68892c5eb6c0492abd8bf75c7f0df27b5d4029e0a54e84a","NOT_RUN","candidate10 Host10 Runtime7 schema4; full706/typecheck/source143 frozen; not installed; historical E-V/maintenance and candidate7/9 scopes as indexed","NOT_RUN","",""
"REQ-006","生命周期与卸载","A.0","TST-006","TODO-049;TODO-050","REQ-050;REQ-080","","LIVE_HOST + FIXTURE","CODE_PRESENT / 不等于整体验收","NOT_RUN","IMPLEMENTED_RELATED_CHECKS_PASS","PASS_RELATED_TESTS_NOT_FORMAL_TST","FIXTURE (related suite assertions only)","packages/app-runtime/src/index.ts;bundles/apps/server/index.ts;docs/apps-publication-validation-20261007.md","test/plugin-apps/host.test.ts;test/plugin-apps/native-lifecycle.test.ts","E-FULL-4;E-FULL-10;E-FROZEN-10","NOT_RUN","原 48 项本轮逐卡 scope/全部断言尚未独立归档；不能沿用历史 PASS；candidate.7 已正常重开/原@只读有窄证据；candidate.9实际安装/Runtime/健康已核对；原生全流程/注册/卸载仍待验","parent caea8175b5c7507bf942b2e752a7327063bfdd43 + uncommitted A.2 source snapshot; candidate10 build-manifest 143 sourceInputs zero mismatches; standalone backup module de45172149112ee6ff17f3baf57b43eb568b55019c85cf3020032d4917ff31bf; candidate9 installed/native-failure and candidate7 historical site scopes kept separately","7a07175ca7d824c5b68892c5eb6c0492abd8bf75c7f0df27b5d4029e0a54e84a","NOT_RUN","candidate10 Host10 Runtime7 schema4; full706/typecheck/source143 frozen; not installed; historical E-V/maintenance and candidate7/9 scopes as indexed","NOT_RUN","",""
"REQ-007","连接独立于应用","A.0","TST-007","TODO-049;TODO-050","REQ-051;REQ-052;REQ-076","","LIVE_HOST + FIXTURE","CODE_PRESENT / 不等于整体验收","NOT_RUN","IMPLEMENTED_RELATED_CHECKS_PASS","PASS_RELATED_TESTS_NOT_FORMAL_TST","FIXTURE (related suite assertions only)","packages/app-runtime/src/index.ts;packages/service/src/apps-main.ts","test/apps-runtime/connection-config.test.ts;test/plugin-apps/native-proxy.test.ts","E-FULL-4;E-FULL-10;E-FROZEN-10","NOT_RUN","原 48 项本轮逐卡 scope/全部断言尚未独立归档；不能沿用历史 PASS；candidate.7 已正常重开/原@只读有窄证据；candidate.9实际安装/Runtime/健康已核对；原生全流程/注册/卸载仍待验","parent caea8175b5c7507bf942b2e752a7327063bfdd43 + uncommitted A.2 source snapshot; candidate10 build-manifest 143 sourceInputs zero mismatches; standalone backup module de45172149112ee6ff17f3baf57b43eb568b55019c85cf3020032d4917ff31bf; candidate9 installed/native-failure and candidate7 historical site scopes kept separately","7a07175ca7d824c5b68892c5eb6c0492abd8bf75c7f0df27b5d4029e0a54e84a","NOT_RUN","candidate10 Host10 Runtime7 schema4; full706/typecheck/source143 frozen; not installed; historical E-V/maintenance and candidate7/9 scopes as indexed","NOT_RUN","",""
"REQ-008","会话应用集合与焦点分离","A.0","TST-008","TODO-049;TODO-050","REQ-051;REQ-052","","LIVE_HOST + FIXTURE","CODE_PRESENT / 不等于整体验收","NOT_RUN","IMPLEMENTED_RELATED_CHECKS_PASS","PASS_RELATED_TESTS_NOT_FORMAL_TST","FIXTURE (related suite assertions only)","packages/app-runtime/src/index.ts;packages/plugin-apps/client/directory.tsx","test/plugin-apps/host.test.ts;test/plugin-apps/native-apps.test.ts","E-FULL-4;E-FULL-10;E-FROZEN-10","NOT_RUN","原 48 项本轮逐卡 scope/全部断言尚未独立归档；不能沿用历史 PASS；candidate.7 已正常重开/原@只读有窄证据；candidate.9实际安装/Runtime/健康已核对；原生全流程/注册/卸载仍待验","parent caea8175b5c7507bf942b2e752a7327063bfdd43 + uncommitted A.2 source snapshot; candidate10 build-manifest 143 sourceInputs zero mismatches; standalone backup module de45172149112ee6ff17f3baf57b43eb568b55019c85cf3020032d4917ff31bf; candidate9 installed/native-failure and candidate7 historical site scopes kept separately","7a07175ca7d824c5b68892c5eb6c0492abd8bf75c7f0df27b5d4029e0a54e84a","NOT_RUN","candidate10 Host10 Runtime7 schema4; full706/typecheck/source143 frozen; not installed; historical E-V/maintenance and candidate7/9 scopes as indexed","NOT_RUN","",""
"REQ-009","显式路由与歧义处理","A.0","TST-009","TODO-049;TODO-050","REQ-050;REQ-051;REQ-052;REQ-076","","LIVE_HOST + FIXTURE","CODE_PRESENT / 不等于整体验收","NOT_RUN","IMPLEMENTED_RELATED_CHECKS_PASS","PASS_RELATED_TESTS_NOT_FORMAL_TST","FIXTURE (related suite assertions only)","packages/app-runtime/src/index.ts;packages/plugin-apps/src/index.ts","test/apps-runtime/runtime.test.ts;test/plugin-apps/native-apps.test.ts","E-FULL-4;E-FULL-10;E-FROZEN-10","NOT_RUN","原 48 项本轮逐卡 scope/全部断言尚未独立归档；不能沿用历史 PASS；candidate.7 已正常重开/原@只读有窄证据；candidate.9实际安装/Runtime/健康已核对；原生全流程/注册/卸载仍待验","parent caea8175b5c7507bf942b2e752a7327063bfdd43 + uncommitted A.2 source snapshot; candidate10 build-manifest 143 sourceInputs zero mismatches; standalone backup module de45172149112ee6ff17f3baf57b43eb568b55019c85cf3020032d4917ff31bf; candidate9 installed/native-failure and candidate7 historical site scopes kept separately","7a07175ca7d824c5b68892c5eb6c0492abd8bf75c7f0df27b5d4029e0a54e84a","NOT_RUN","candidate10 Host10 Runtime7 schema4; full706/typecheck/source143 frozen; not installed; historical E-V/maintenance and candidate7/9 scopes as indexed","NOT_RUN","",""
"REQ-010","按需工具发现","A.0","TST-010","TODO-049;TODO-050","","","LIVE_HOST + FIXTURE","CODE_PRESENT / 不等于整体验收","PASS","IMPLEMENTED_RELATED_CHECKS_PASS","PASS_RELATED_TESTS_NOT_FORMAL_TST","FIXTURE (related suite assertions only)","packages/plugin-apps/src/index.ts;docs/apps-v1-candidate.md","test/plugin-apps/host.test.ts;test/app-contracts/contracts.test.ts","E-FULL-4;E-FULL-10;E-FROZEN-10","NOT_RUN","原 48 项本轮逐卡 scope/全部断言尚未独立归档；不能沿用历史 PASS；candidate.7 已正常重开/原@只读有窄证据；candidate.9实际安装/Runtime/健康已核对；原生全流程/注册/卸载仍待验","parent caea8175b5c7507bf942b2e752a7327063bfdd43 + uncommitted A.2 source snapshot; candidate10 build-manifest 143 sourceInputs zero mismatches; standalone backup module de45172149112ee6ff17f3baf57b43eb568b55019c85cf3020032d4917ff31bf; candidate9 installed/native-failure and candidate7 historical site scopes kept separately","7a07175ca7d824c5b68892c5eb6c0492abd8bf75c7f0df27b5d4029e0a54e84a","NOT_RUN","candidate10 Host10 Runtime7 schema4; full706/typecheck/source143 frozen; not installed; historical E-V/maintenance and candidate7/9 scopes as indexed","NOT_RUN","",""
"REQ-011","兼容性握手","A.0","TST-011","TODO-049;TODO-050","","","FIXTURE / 实际命令；对应真实范围另列","CODE_PRESENT / 不等于整体验收","NOT_RUN","IMPLEMENTED_RELATED_CHECKS_PASS","PASS_RELATED_TESTS_NOT_FORMAL_TST","FIXTURE (related suite assertions only)","packages/app-runtime/src/index.ts;packages/plugin-apps/src/index.ts","test/apps-runtime/http.test.ts;test/apps-runtime/sdk-cancellation.test.ts","E-FULL-4;E-FULL-10;E-FROZEN-10","NOT_RUN","原 48 项本轮逐卡 scope/全部断言尚未独立归档；不能沿用历史 PASS","parent caea8175b5c7507bf942b2e752a7327063bfdd43 + uncommitted A.2 source snapshot; candidate10 build-manifest 143 sourceInputs zero mismatches; standalone backup module de45172149112ee6ff17f3baf57b43eb568b55019c85cf3020032d4917ff31bf; candidate9 installed/native-failure and candidate7 historical site scopes kept separately","7a07175ca7d824c5b68892c5eb6c0492abd8bf75c7f0df27b5d4029e0a54e84a","NOT_RUN","candidate10 Host10 Runtime7 schema4; full706/typecheck/source143 frozen; not installed; historical E-V/maintenance and candidate7/9 scopes as indexed","NOT_RUN","",""
"REQ-012","输入输出同时声明","A.0","TST-012","TODO-049;TODO-050","","","FIXTURE / 实际命令；对应真实范围另列","CODE_PRESENT / 不等于整体验收","NOT_RUN","IMPLEMENTED_RELATED_CHECKS_PASS","PASS_RELATED_TESTS_NOT_FORMAL_TST","FIXTURE (related suite assertions only)","packages/app-runtime/src/index.ts;packages/app-hallmark/src/index.ts;packages/app-notes/src/index.ts","test/app-contracts/contracts.test.ts;test/apps-runtime/runtime.test.ts","E-FULL-4;E-FULL-10;E-FROZEN-10","NOT_RUN","原 48 项本轮逐卡 scope/全部断言尚未独立归档；不能沿用历史 PASS","parent caea8175b5c7507bf942b2e752a7327063bfdd43 + uncommitted A.2 source snapshot; candidate10 build-manifest 143 sourceInputs zero mismatches; standalone backup module de45172149112ee6ff17f3baf57b43eb568b55019c85cf3020032d4917ff31bf; candidate9 installed/native-failure and candidate7 historical site scopes kept separately","7a07175ca7d824c5b68892c5eb6c0492abd8bf75c7f0df27b5d4029e0a54e84a","NOT_RUN","candidate10 Host10 Runtime7 schema4; full706/typecheck/source143 frozen; not installed; historical E-V/maintenance and candidate7/9 scopes as indexed","NOT_RUN","",""
"REQ-013","底层 API 不是第二套业务","A.0","TST-013","TODO-049;TODO-050","REQ-078","","FIXTURE / 实际命令；对应真实范围另列","CODE_PRESENT / 不等于整体验收","NOT_RUN","IMPLEMENTED_RELATED_CHECKS_PASS","PASS_RELATED_TESTS_NOT_FORMAL_TST","FIXTURE (related suite assertions only)","packages/app-hallmark/src/index.ts;packages/app-sdk/src/index.ts","test/app-hallmark/provider.test.ts;test/app-hallmark/legacy-replay.test.ts","E-FULL-4;E-FULL-10;E-FROZEN-10","NOT_RUN","原 48 项本轮逐卡 scope/全部断言尚未独立归档；不能沿用历史 PASS","parent caea8175b5c7507bf942b2e752a7327063bfdd43 + uncommitted A.2 source snapshot; candidate10 build-manifest 143 sourceInputs zero mismatches; standalone backup module de45172149112ee6ff17f3baf57b43eb568b55019c85cf3020032d4917ff31bf; candidate9 installed/native-failure and candidate7 historical site scopes kept separately","7a07175ca7d824c5b68892c5eb6c0492abd8bf75c7f0df27b5d4029e0a54e84a","NOT_RUN","candidate10 Host10 Runtime7 schema4; full706/typecheck/source143 frozen; not installed; historical E-V/maintenance and candidate7/9 scopes as indexed","NOT_RUN","",""
"REQ-014","未知写接口显式分类","A.0","TST-014","TODO-049;TODO-050","","","FIXTURE / 实际命令；对应真实范围另列","CODE_PRESENT / 不等于整体验收","NOT_RUN","IMPLEMENTED_RELATED_CHECKS_PASS","PASS_RELATED_TESTS_NOT_FORMAL_TST","FIXTURE (related suite assertions only)","packages/app-hallmark/src/index.ts","test/app-hallmark/provider.test.ts","E-FULL-4;E-FULL-10;E-FROZEN-10","NOT_RUN","原 48 项本轮逐卡 scope/全部断言尚未独立归档；不能沿用历史 PASS","parent caea8175b5c7507bf942b2e752a7327063bfdd43 + uncommitted A.2 source snapshot; candidate10 build-manifest 143 sourceInputs zero mismatches; standalone backup module de45172149112ee6ff17f3baf57b43eb568b55019c85cf3020032d4917ff31bf; candidate9 installed/native-failure and candidate7 historical site scopes kept separately","7a07175ca7d824c5b68892c5eb6c0492abd8bf75c7f0df27b5d4029e0a54e84a","NOT_RUN","candidate10 Host10 Runtime7 schema4; full706/typecheck/source143 frozen; not installed; historical E-V/maintenance and candidate7/9 scopes as indexed","NOT_RUN","",""
"REQ-015","生成 SDK 与调用语义","A.0","TST-015","TODO-049;TODO-050","","","FIXTURE / 实际命令；对应真实范围另列","CODE_PRESENT / 不等于整体验收","NOT_RUN","IMPLEMENTED_RELATED_CHECKS_PASS","PASS_RELATED_TESTS_NOT_FORMAL_TST","FIXTURE (related suite assertions only)","packages/app-sdk/src/index.ts","test/apps-runtime/http.test.ts;test/apps-runtime/sdk-cancellation.test.ts","E-FULL-4;E-FULL-10;E-FROZEN-10","NOT_RUN","原 48 项本轮逐卡 scope/全部断言尚未独立归档；不能沿用历史 PASS","parent caea8175b5c7507bf942b2e752a7327063bfdd43 + uncommitted A.2 source snapshot; candidate10 build-manifest 143 sourceInputs zero mismatches; standalone backup module de45172149112ee6ff17f3baf57b43eb568b55019c85cf3020032d4917ff31bf; candidate9 installed/native-failure and candidate7 historical site scopes kept separately","7a07175ca7d824c5b68892c5eb6c0492abd8bf75c7f0df27b5d4029e0a54e84a","NOT_RUN","candidate10 Host10 Runtime7 schema4; full706/typecheck/source143 frozen; not installed; historical E-V/maintenance and candidate7/9 scopes as indexed","NOT_RUN","",""
"REQ-016","数据来源时间口径","A.0","TST-016","TODO-049;TODO-050","REQ-074","","FIXTURE / 实际命令；对应真实范围另列","CODE_PRESENT / 不等于整体验收","NOT_RUN","IMPLEMENTED_RELATED_CHECKS_PASS","PASS_RELATED_TESTS_NOT_FORMAL_TST","FIXTURE (related suite assertions only)","packages/app-hallmark/src/index.ts;packages/app-presentation/src/index.ts","test/apps-components/presentation.test.ts;test/service/apps-scheduler.test.ts","E-FULL-4;E-FULL-10;E-FROZEN-10","NOT_RUN","原 48 项本轮逐卡 scope/全部断言尚未独立归档；不能沿用历史 PASS","parent caea8175b5c7507bf942b2e752a7327063bfdd43 + uncommitted A.2 source snapshot; candidate10 build-manifest 143 sourceInputs zero mismatches; standalone backup module de45172149112ee6ff17f3baf57b43eb568b55019c85cf3020032d4917ff31bf; candidate9 installed/native-failure and candidate7 historical site scopes kept separately","7a07175ca7d824c5b68892c5eb6c0492abd8bf75c7f0df27b5d4029e0a54e84a","NOT_RUN","candidate10 Host10 Runtime7 schema4; full706/typecheck/source143 frozen; not installed; historical E-V/maintenance and candidate7/9 scopes as indexed","NOT_RUN","",""
"REQ-017","幂等身份与请求哈希","A.0","TST-017","TODO-049;TODO-050","REQ-060;REQ-078","","FIXTURE / 实际命令；对应真实范围另列","CODE_PRESENT / 不等于整体验收","NOT_RUN","IMPLEMENTED_RELATED_CHECKS_PASS","PASS_RELATED_TESTS_NOT_FORMAL_TST","FIXTURE (related suite assertions only);FIXTURE stock exact identity/readback and inspect-no-rewrite; independent source review52/52","packages/app-runtime/src/index.ts;packages/core/src/write.ts","test/apps-runtime/runtime.test.ts;test/authoring/backend.test.ts;test/core/stock-readback.test.ts","E-FULL-4;E-STOCK-SOURCE;E-V-STOCK-52;E-FULL-10;E-FROZEN-10","NOT_RUN","原 48 项本轮逐卡 scope/全部断言尚未独立归档；不能沿用历史 PASS","parent caea8175b5c7507bf942b2e752a7327063bfdd43 + uncommitted A.2 source snapshot; candidate10 build-manifest 143 sourceInputs zero mismatches; standalone backup module de45172149112ee6ff17f3baf57b43eb568b55019c85cf3020032d4917ff31bf; candidate9 installed/native-failure and candidate7 historical site scopes kept separately","7a07175ca7d824c5b68892c5eb6c0492abd8bf75c7f0df27b5d4029e0a54e84a","NOT_RUN","candidate10 Host10 Runtime7 schema4; full706/typecheck/source143 frozen; not installed; historical E-V/maintenance and candidate7/9 scopes as indexed","NOT_RUN","",""
"REQ-018","状态与业务核实","A.0","TST-018","TODO-049;TODO-050","REQ-078","","FIXTURE / 实际命令；对应真实范围另列","CODE_PRESENT / 不等于整体验收","NOT_RUN","IMPLEMENTED_RELATED_CHECKS_PASS","PASS_RELATED_TESTS_NOT_FORMAL_TST","FIXTURE (related suite assertions only);FIXTURE stock exact identity/readback and inspect-no-rewrite; independent source review52/52","packages/app-runtime/src/index.ts;packages/app-hallmark/src/index.ts;packages/core/src/write.ts","test/apps-runtime/runtime.test.ts;test/app-hallmark/provider.test.ts;test/core/stock-readback.test.ts","E-FULL-4;E-STOCK-SOURCE;E-V-STOCK-52;E-FULL-10;E-FROZEN-10","NOT_RUN","原 48 项本轮逐卡 scope/全部断言尚未独立归档；不能沿用历史 PASS","parent caea8175b5c7507bf942b2e752a7327063bfdd43 + uncommitted A.2 source snapshot; candidate10 build-manifest 143 sourceInputs zero mismatches; standalone backup module de45172149112ee6ff17f3baf57b43eb568b55019c85cf3020032d4917ff31bf; candidate9 installed/native-failure and candidate7 historical site scopes kept separately","7a07175ca7d824c5b68892c5eb6c0492abd8bf75c7f0df27b5d4029e0a54e84a","NOT_RUN","candidate10 Host10 Runtime7 schema4; full706/typecheck/source143 frozen; not installed; historical E-V/maintenance and candidate7/9 scopes as indexed","NOT_RUN","",""
"REQ-019","取消不等于撤销","A.0","TST-019","TODO-049;TODO-050","REQ-062","","FIXTURE / 实际命令；对应真实范围另列","CODE_PRESENT / 不等于整体验收","NOT_RUN","IMPLEMENTED_RELATED_CHECKS_PASS","PASS_RELATED_TESTS_NOT_FORMAL_TST","FIXTURE (related suite assertions only)","packages/app-runtime/src/index.ts","test/apps-runtime/runtime.test.ts;test/app-hallmark/cancellation.test.ts","E-FULL-4;E-FULL-10;E-FROZEN-10","NOT_RUN","原 48 项本轮逐卡 scope/全部断言尚未独立归档；不能沿用历史 PASS","parent caea8175b5c7507bf942b2e752a7327063bfdd43 + uncommitted A.2 source snapshot; candidate10 build-manifest 143 sourceInputs zero mismatches; standalone backup module de45172149112ee6ff17f3baf57b43eb568b55019c85cf3020032d4917ff31bf; candidate9 installed/native-failure and candidate7 historical site scopes kept separately","7a07175ca7d824c5b68892c5eb6c0492abd8bf75c7f0df27b5d4029e0a54e84a","NOT_RUN","candidate10 Host10 Runtime7 schema4; full706/typecheck/source143 frozen; not installed; historical E-V/maintenance and candidate7/9 scopes as indexed","NOT_RUN","",""
"REQ-020","并发与冲突域","A.0","TST-020","TODO-049;TODO-050","REQ-060;REQ-062;REQ-071;REQ-076","","FIXTURE / 实际命令；对应真实范围另列","CODE_PRESENT / 不等于整体验收","NOT_RUN","IMPLEMENTED_RELATED_CHECKS_PASS","PASS_RELATED_TESTS_NOT_FORMAL_TST","FIXTURE (related suite assertions only)","packages/app-runtime/src/index.ts;packages/app-presentation/src/index.ts","test/apps-runtime/runtime.test.ts;test/apps-runtime/connection-config.test.ts","E-FULL-4;E-FULL-10;E-FROZEN-10","NOT_RUN","原 48 项本轮逐卡 scope/全部断言尚未独立归档；不能沿用历史 PASS","parent caea8175b5c7507bf942b2e752a7327063bfdd43 + uncommitted A.2 source snapshot; candidate10 build-manifest 143 sourceInputs zero mismatches; standalone backup module de45172149112ee6ff17f3baf57b43eb568b55019c85cf3020032d4917ff31bf; candidate9 installed/native-failure and candidate7 historical site scopes kept separately","7a07175ca7d824c5b68892c5eb6c0492abd8bf75c7f0df27b5d4029e0a54e84a","NOT_RUN","candidate10 Host10 Runtime7 schema4; full706/typecheck/source143 frozen; not installed; historical E-V/maintenance and candidate7/9 scopes as indexed","NOT_RUN","",""
"REQ-021","脚本子调用日志","A.0","TST-021","TODO-049;TODO-050","","","FIXTURE / 实际命令；对应真实范围另列","REPORTED_ONLY / 需原始证据","NOT_RUN","IMPLEMENTED_RELATED_CHECKS_PASS","PASS_RELATED_TESTS_NOT_FORMAL_TST","FIXTURE (related suite assertions only)","docs/apps-v1-candidate.md","test/apps-runtime/cross-app-script.test.ts;test/apps-runtime/runtime.test.ts","E-FULL-4;E-FULL-10;E-FROZEN-10","NOT_RUN","原 48 项本轮逐卡 scope/全部断言尚未独立归档；不能沿用历史 PASS","parent caea8175b5c7507bf942b2e752a7327063bfdd43 + uncommitted A.2 source snapshot; candidate10 build-manifest 143 sourceInputs zero mismatches; standalone backup module de45172149112ee6ff17f3baf57b43eb568b55019c85cf3020032d4917ff31bf; candidate9 installed/native-failure and candidate7 historical site scopes kept separately","7a07175ca7d824c5b68892c5eb6c0492abd8bf75c7f0df27b5d4029e0a54e84a","NOT_RUN","candidate10 Host10 Runtime7 schema4; full706/typecheck/source143 frozen; not installed; historical E-V/maintenance and candidate7/9 scopes as indexed","NOT_RUN","",""
"REQ-022","跨应用不假装事务","A.0","TST-022","TODO-049;TODO-050","","","FIXTURE / 实际命令；对应真实范围另列","REPORTED_ONLY / 需原始证据","NOT_RUN","IMPLEMENTED_RELATED_CHECKS_PASS","PASS_RELATED_TESTS_NOT_FORMAL_TST","FIXTURE (related suite assertions only)","docs/apps-v1-candidate.md","test/apps-runtime/cross-app-script.test.ts","E-FULL-4;E-FULL-10;E-FROZEN-10","NOT_RUN","原 48 项本轮逐卡 scope/全部断言尚未独立归档；不能沿用历史 PASS","parent caea8175b5c7507bf942b2e752a7327063bfdd43 + uncommitted A.2 source snapshot; candidate10 build-manifest 143 sourceInputs zero mismatches; standalone backup module de45172149112ee6ff17f3baf57b43eb568b55019c85cf3020032d4917ff31bf; candidate9 installed/native-failure and candidate7 historical site scopes kept separately","7a07175ca7d824c5b68892c5eb6c0492abd8bf75c7f0df27b5d4029e0a54e84a","NOT_RUN","candidate10 Host10 Runtime7 schema4; full706/typecheck/source143 frozen; not installed; historical E-V/maintenance and candidate7/9 scopes as indexed","NOT_RUN","",""
"REQ-023","模型预算与数据句柄","A.0","TST-023","TODO-049;TODO-050","","","FIXTURE / 实际命令；对应真实范围另列","REPORTED_ONLY / 需原始证据","NOT_RUN","IMPLEMENTED_RELATED_CHECKS_PASS","PASS_RELATED_TESTS_NOT_FORMAL_TST","FIXTURE (related suite assertions only)","docs/apps-v1-candidate.md;packages/app-sdk/src/index.ts","test/apps-runtime/runtime.test.ts;test/apps-host/audit-regressions.test.ts","E-FULL-4;E-FULL-10;E-FROZEN-10","NOT_RUN","原 48 项本轮逐卡 scope/全部断言尚未独立归档；不能沿用历史 PASS","parent caea8175b5c7507bf942b2e752a7327063bfdd43 + uncommitted A.2 source snapshot; candidate10 build-manifest 143 sourceInputs zero mismatches; standalone backup module de45172149112ee6ff17f3baf57b43eb568b55019c85cf3020032d4917ff31bf; candidate9 installed/native-failure and candidate7 historical site scopes kept separately","7a07175ca7d824c5b68892c5eb6c0492abd8bf75c7f0df27b5d4029e0a54e84a","NOT_RUN","candidate10 Host10 Runtime7 schema4; full706/typecheck/source143 frozen; not installed; historical E-V/maintenance and candidate7/9 scopes as indexed","NOT_RUN","",""
"REQ-024","稳定错误契约","A.0","TST-024","TODO-049;TODO-050","","","FIXTURE / 实际命令；对应真实范围另列","CODE_PRESENT / 不等于整体验收","NOT_RUN","IMPLEMENTED_RELATED_CHECKS_PASS","PASS_RELATED_TESTS_NOT_FORMAL_TST","FIXTURE (related suite assertions only);ISOLATED_SOURCE health timeout/cache/401/no business-write retry","packages/app-runtime/src/index.ts;packages/app-sdk/src/index.ts;packages/hallmark-adapter/client.ts","test/apps-runtime/runtime.test.ts;test/apps-runtime/sdk-cancellation.test.ts;test/adapter/health.test.ts","E-FULL-4;E-HEALTH-SOURCE;E-FULL-10;E-FROZEN-10","NOT_RUN","原 48 项本轮逐卡 scope/全部断言尚未独立归档；不能沿用历史 PASS","parent caea8175b5c7507bf942b2e752a7327063bfdd43 + uncommitted A.2 source snapshot; candidate10 build-manifest 143 sourceInputs zero mismatches; standalone backup module de45172149112ee6ff17f3baf57b43eb568b55019c85cf3020032d4917ff31bf; candidate9 installed/native-failure and candidate7 historical site scopes kept separately","7a07175ca7d824c5b68892c5eb6c0492abd8bf75c7f0df27b5d4029e0a54e84a","NOT_RUN","candidate10 Host10 Runtime7 schema4; full706/typecheck/source143 frozen; not installed; historical E-V/maintenance and candidate7/9 scopes as indexed","NOT_RUN","",""
"REQ-025","普通源码为主路径","A.0","TST-025","TODO-049;TODO-050","REQ-053;REQ-054;REQ-055;REQ-057;REQ-058;REQ-059;REQ-061;REQ-067;REQ-069","","FIXTURE / 实际命令；对应真实范围另列","CODE_PRESENT / 不等于整体验收","NOT_RUN","IMPLEMENTED_RELATED_CHECKS_PASS","PASS_RELATED_TESTS_NOT_FORMAL_TST","FIXTURE (related suite assertions only);SOURCE_EXEC (packed fixture);LIVE_HOST+LIVE_MODEL candidate9 original @/manual-send external Agent creation; source/build/preview/read_image/feedback observed; native mounting failed; no original composer attachment or save","packages/source-components/src/index.ts;scripts/source-preview.mjs;packages/component-runtime/src/apps-client.ts","test/source-preview/source-starter-react.test.ts;test/authoring/evidence-runner.test.ts","E-FULL-4;E-PACK-9;E-SOURCE-9;E-MODEL-CREATION-9;E-FULL-10;E-FROZEN-10;E-PACK-10;E-SOURCE-10","NOT_RUN","candidate9真实Agent普通源码/build/preview/read_image/反馈修改有冻结历史；原生挂载失败；原48项本轮逐卡scope/全部断言尚未独立归档，不能沿用历史PASS","parent caea8175b5c7507bf942b2e752a7327063bfdd43 + uncommitted A.2 source snapshot; candidate10 build-manifest 143 sourceInputs zero mismatches; standalone backup module de45172149112ee6ff17f3baf57b43eb568b55019c85cf3020032d4917ff31bf; candidate9 installed/native-failure and candidate7 historical site scopes kept separately","7a07175ca7d824c5b68892c5eb6c0492abd8bf75c7f0df27b5d4029e0a54e84a","CANDIDATE9_REAL_AGENT_SOURCE_BUILD_PREVIEW_READ_IMAGE_FEEDBACK_OBSERVED;NATIVE_MOUNT_FAILED;FULL_TST_NOT_ACCEPTED","candidate10 Host10 Runtime7 schema4; full706/typecheck/source143 frozen; not installed; historical E-V/maintenance and candidate7/9 scopes as indexed","candidate9 Host9 Runtime7 schema4; frozen original native creation history and read-only durable state supplement","dc0c884bcaa0f94d063ddbd9ad2a484b2e877293a0a3c39310b6017955a89154",""
"REQ-026","构建与保存分离","A.0","TST-026","TODO-049;TODO-050","REQ-053;REQ-054;REQ-055;REQ-056;REQ-059;REQ-060;REQ-062;REQ-063;REQ-070;REQ-071;REQ-072","","FIXTURE / 实际命令；对应真实范围另列","CODE_PRESENT / 不等于整体验收","NOT_RUN","IMPLEMENTED_RELATED_CHECKS_PASS","PASS_RELATED_TESTS_NOT_FORMAL_TST","FIXTURE (related suite assertions only)","packages/app-presentation/src/index.ts;packages/source-components/src/index.ts","test/apps-components/presentation.test.ts;test/authoring/backend.test.ts","E-FULL-4;E-FULL-10;E-FROZEN-10","NOT_RUN","原 48 项本轮逐卡 scope/全部断言尚未独立归档；不能沿用历史 PASS","parent caea8175b5c7507bf942b2e752a7327063bfdd43 + uncommitted A.2 source snapshot; candidate10 build-manifest 143 sourceInputs zero mismatches; standalone backup module de45172149112ee6ff17f3baf57b43eb568b55019c85cf3020032d4917ff31bf; candidate9 installed/native-failure and candidate7 historical site scopes kept separately","7a07175ca7d824c5b68892c5eb6c0492abd8bf75c7f0df27b5d4029e0a54e84a","NOT_RUN","candidate10 Host10 Runtime7 schema4; full706/typecheck/source143 frozen; not installed; historical E-V/maintenance and candidate7/9 scopes as indexed","NOT_RUN","",""
"REQ-027","桥接握手与协议","A.0","TST-027","TODO-049;TODO-050","REQ-057;REQ-058;REQ-059;REQ-061","","LIVE_HOST + FIXTURE","CODE_PRESENT / 不等于整体验收","NOT_RUN","IMPLEMENTED_RELATED_CHECKS_PASS","PASS_RELATED_TESTS_NOT_FORMAL_TST","FIXTURE (related suite assertions only);SOURCE_EXEC (packed fixture)","packages/component-runtime/src/apps-client.ts;packages/dsh-plugin/client/component-frame.tsx","test/apps-components/bridge.test.ts;test/apps-components/frame.test.ts;test/authoring/extensions.test.ts","E-FULL-4;E-PACK-9;E-SOURCE-9;E-FULL-10;E-FROZEN-10","NOT_RUN","原 48 项本轮逐卡 scope/全部断言尚未独立归档；不能沿用历史 PASS；candidate.7 已正常重开/原@只读有窄证据；candidate.9实际安装/Runtime/健康已核对；原生全流程/注册/卸载仍待验","parent caea8175b5c7507bf942b2e752a7327063bfdd43 + uncommitted A.2 source snapshot; candidate10 build-manifest 143 sourceInputs zero mismatches; standalone backup module de45172149112ee6ff17f3baf57b43eb568b55019c85cf3020032d4917ff31bf; candidate9 installed/native-failure and candidate7 historical site scopes kept separately","7a07175ca7d824c5b68892c5eb6c0492abd8bf75c7f0df27b5d4029e0a54e84a","NOT_RUN","candidate10 Host10 Runtime7 schema4; full706/typecheck/source143 frozen; not installed; historical E-V/maintenance and candidate7/9 scopes as indexed","NOT_RUN","",""
"REQ-028","通用资源选择","A.0","TST-028","TODO-049;TODO-050","REQ-057;REQ-064;REQ-065;REQ-074","","LIVE_HOST + FIXTURE","CODE_PRESENT / 不等于整体验收","NOT_RUN","IMPLEMENTED_RELATED_CHECKS_PASS","PASS_RELATED_TESTS_NOT_FORMAL_TST","FIXTURE (related suite assertions only)","packages/app-presentation/src/index.ts;packages/plugin-apps/client/component-handlers.ts","test/apps-components/presentation.test.ts;test/plugin-apps/native-selection.test.ts","E-FULL-4;E-FULL-10;E-FROZEN-10","NOT_RUN","原 48 项本轮逐卡 scope/全部断言尚未独立归档；不能沿用历史 PASS；candidate.7 已正常重开/原@只读有窄证据；candidate.9实际安装/Runtime/健康已核对；原生全流程/注册/卸载仍待验","parent caea8175b5c7507bf942b2e752a7327063bfdd43 + uncommitted A.2 source snapshot; candidate10 build-manifest 143 sourceInputs zero mismatches; standalone backup module de45172149112ee6ff17f3baf57b43eb568b55019c85cf3020032d4917ff31bf; candidate9 installed/native-failure and candidate7 historical site scopes kept separately","7a07175ca7d824c5b68892c5eb6c0492abd8bf75c7f0df27b5d4029e0a54e84a","NOT_RUN","candidate10 Host10 Runtime7 schema4; full706/typecheck/source143 frozen; not installed; historical E-V/maintenance and candidate7/9 scopes as indexed","NOT_RUN","",""
"REQ-029","本地动作不经过模型","A.0","TST-029","TODO-049;TODO-050","REQ-064;REQ-065;REQ-066","","LIVE_HOST + FIXTURE","CODE_PRESENT / 不等于整体验收","NOT_RUN","IMPLEMENTED_RELATED_CHECKS_PASS","PASS_RELATED_TESTS_NOT_FORMAL_TST","FIXTURE (related suite assertions only)","packages/component-runtime/src/apps-client.ts;packages/plugin-apps/client/component-handlers.ts","test/apps-components/interaction.test.ts","E-FULL-4;E-FULL-10;E-FROZEN-10","NOT_RUN","原 48 项本轮逐卡 scope/全部断言尚未独立归档；不能沿用历史 PASS；candidate.7 已正常重开/原@只读有窄证据；candidate.9实际安装/Runtime/健康已核对；原生全流程/注册/卸载仍待验","parent caea8175b5c7507bf942b2e752a7327063bfdd43 + uncommitted A.2 source snapshot; candidate10 build-manifest 143 sourceInputs zero mismatches; standalone backup module de45172149112ee6ff17f3baf57b43eb568b55019c85cf3020032d4917ff31bf; candidate9 installed/native-failure and candidate7 historical site scopes kept separately","7a07175ca7d824c5b68892c5eb6c0492abd8bf75c7f0df27b5d4029e0a54e84a","NOT_RUN","candidate10 Host10 Runtime7 schema4; full706/typecheck/source143 frozen; not installed; historical E-V/maintenance and candidate7/9 scopes as indexed","NOT_RUN","",""
"REQ-030","上下文与消息分开","A.0","TST-030","TODO-049;TODO-050","REQ-066;REQ-068","","LIVE_HOST + FIXTURE","CODE_PRESENT / 不等于整体验收","PASS","IMPLEMENTED_RELATED_CHECKS_PASS","PASS_RELATED_TESTS_NOT_FORMAL_TST","FIXTURE (related suite assertions only)","packages/plugin-apps/src/index.ts;packages/plugin-apps/client/component-handlers.ts","test/plugin-apps/native-session.test.ts;test/apps-runtime/component-context.test.ts","E-FULL-4;E-FULL-10;E-FROZEN-10","NOT_RUN","原 48 项本轮逐卡 scope/全部断言尚未独立归档；不能沿用历史 PASS；candidate.7 已正常重开/原@只读有窄证据；candidate.9实际安装/Runtime/健康已核对；原生全流程/注册/卸载仍待验","parent caea8175b5c7507bf942b2e752a7327063bfdd43 + uncommitted A.2 source snapshot; candidate10 build-manifest 143 sourceInputs zero mismatches; standalone backup module de45172149112ee6ff17f3baf57b43eb568b55019c85cf3020032d4917ff31bf; candidate9 installed/native-failure and candidate7 historical site scopes kept separately","7a07175ca7d824c5b68892c5eb6c0492abd8bf75c7f0df27b5d4029e0a54e84a","NOT_RUN","candidate10 Host10 Runtime7 schema4; full706/typecheck/source143 frozen; not installed; historical E-V/maintenance and candidate7/9 scopes as indexed","NOT_RUN","",""
"REQ-031","确定性会话投影","A.0","TST-031","TODO-049;TODO-050","REQ-053;REQ-058;REQ-065;REQ-066;REQ-068","","LIVE_HOST + FIXTURE","CODE_PRESENT / 不等于整体验收","PASS","IMPLEMENTED_RELATED_CHECKS_PASS","PASS_RELATED_TESTS_NOT_FORMAL_TST","FIXTURE (related suite assertions only)","packages/plugin-apps/src/index.ts;docs/apps-v1-candidate.md","test/plugin-apps/native-session.test.ts;test/apps-migration/context-retention.test.ts","E-FULL-4;E-FULL-10;E-FROZEN-10","NOT_RUN","原 48 项本轮逐卡 scope/全部断言尚未独立归档；不能沿用历史 PASS；candidate.7 已正常重开/原@只读有窄证据；candidate.9实际安装/Runtime/健康已核对；原生全流程/注册/卸载仍待验","parent caea8175b5c7507bf942b2e752a7327063bfdd43 + uncommitted A.2 source snapshot; candidate10 build-manifest 143 sourceInputs zero mismatches; standalone backup module de45172149112ee6ff17f3baf57b43eb568b55019c85cf3020032d4917ff31bf; candidate9 installed/native-failure and candidate7 historical site scopes kept separately","7a07175ca7d824c5b68892c5eb6c0492abd8bf75c7f0df27b5d4029e0a54e84a","NOT_RUN","candidate10 Host10 Runtime7 schema4; full706/typecheck/source143 frozen; not installed; historical E-V/maintenance and candidate7/9 scopes as indexed","NOT_RUN","",""
"REQ-032","多应用绑定","A.0","TST-032","TODO-049;TODO-050","REQ-052;REQ-074;REQ-075","","LIVE_HOST + FIXTURE","CODE_PRESENT / 不等于整体验收","NOT_RUN","IMPLEMENTED_RELATED_CHECKS_PASS","PASS_RELATED_TESTS_NOT_FORMAL_TST","FIXTURE (related suite assertions only)","packages/app-presentation/src/index.ts","test/apps-components/presentation.test.ts;test/plugin-apps/native-apps.test.ts","E-FULL-4;E-FULL-10;E-FROZEN-10","NOT_RUN","原 48 项本轮逐卡 scope/全部断言尚未独立归档；不能沿用历史 PASS；candidate.7 已正常重开/原@只读有窄证据；candidate.9实际安装/Runtime/健康已核对；原生全流程/注册/卸载仍待验","parent caea8175b5c7507bf942b2e752a7327063bfdd43 + uncommitted A.2 source snapshot; candidate10 build-manifest 143 sourceInputs zero mismatches; standalone backup module de45172149112ee6ff17f3baf57b43eb568b55019c85cf3020032d4917ff31bf; candidate9 installed/native-failure and candidate7 historical site scopes kept separately","7a07175ca7d824c5b68892c5eb6c0492abd8bf75c7f0df27b5d4029e0a54e84a","NOT_RUN","candidate10 Host10 Runtime7 schema4; full706/typecheck/source143 frozen; not installed; historical E-V/maintenance and candidate7/9 scopes as indexed","NOT_RUN","",""
"REQ-033","离线与版本冲突","A.0","TST-033","TODO-049;TODO-050","REQ-061;REQ-063;REQ-064;REQ-069;REQ-070;REQ-071;REQ-072;REQ-074;REQ-075","","LIVE_HOST + FIXTURE","CODE_PRESENT / 不等于整体验收","NOT_RUN","IMPLEMENTED_RELATED_CHECKS_PASS","PASS_RELATED_TESTS_NOT_FORMAL_TST","FIXTURE (related suite assertions only)","packages/app-presentation/src/index.ts","test/apps-components/presentation.test.ts;test/authoring/backend.test.ts","E-FULL-4;E-FULL-10;E-FROZEN-10","NOT_RUN","原 48 项本轮逐卡 scope/全部断言尚未独立归档；不能沿用历史 PASS；candidate.7 已正常重开/原@只读有窄证据；candidate.9实际安装/Runtime/健康已核对；原生全流程/注册/卸载仍待验","parent caea8175b5c7507bf942b2e752a7327063bfdd43 + uncommitted A.2 source snapshot; candidate10 build-manifest 143 sourceInputs zero mismatches; standalone backup module de45172149112ee6ff17f3baf57b43eb568b55019c85cf3020032d4917ff31bf; candidate9 installed/native-failure and candidate7 historical site scopes kept separately","7a07175ca7d824c5b68892c5eb6c0492abd8bf75c7f0df27b5d4029e0a54e84a","NOT_RUN","candidate10 Host10 Runtime7 schema4; full706/typecheck/source143 frozen; not installed; historical E-V/maintenance and candidate7/9 scopes as indexed","NOT_RUN","",""
"REQ-034","明确状态所有者","A.0","TST-034","TODO-049;TODO-050","REQ-051;REQ-054;REQ-060;REQ-063;REQ-073;REQ-076","","FIXTURE / 实际命令；对应真实范围另列","CODE_PRESENT / 不等于整体验收","NOT_RUN","IMPLEMENTED_RELATED_CHECKS_PASS","PASS_RELATED_TESTS_NOT_FORMAL_TST","FIXTURE (related suite assertions only)","packages/app-runtime/src/index.ts;packages/service/src/apps-main.ts;packages/app-presentation/src/index.ts","test/apps-runtime/runtime.test.ts;test/authoring/backend.test.ts","E-FULL-4;E-FULL-10;E-FROZEN-10","NOT_RUN","原 48 项本轮逐卡 scope/全部断言尚未独立归档；不能沿用历史 PASS","parent caea8175b5c7507bf942b2e752a7327063bfdd43 + uncommitted A.2 source snapshot; candidate10 build-manifest 143 sourceInputs zero mismatches; standalone backup module de45172149112ee6ff17f3baf57b43eb568b55019c85cf3020032d4917ff31bf; candidate9 installed/native-failure and candidate7 historical site scopes kept separately","7a07175ca7d824c5b68892c5eb6c0492abd8bf75c7f0df27b5d4029e0a54e84a","NOT_RUN","candidate10 Host10 Runtime7 schema4; full706/typecheck/source143 frozen; not installed; historical E-V/maintenance and candidate7/9 scopes as indexed","NOT_RUN","",""
"REQ-035","确定性数据集身份","A.0","TST-035","TODO-049;TODO-050","REQ-074;REQ-075","","FIXTURE / 实际命令；对应真实范围另列","CODE_PRESENT / 不等于整体验收","NOT_RUN","IMPLEMENTED_RELATED_CHECKS_PASS","PASS_RELATED_TESTS_NOT_FORMAL_TST","FIXTURE (related suite assertions only)","packages/app-presentation/src/index.ts","test/apps-components/presentation.test.ts","E-FULL-4;E-FULL-10;E-FROZEN-10","NOT_RUN","原 48 项本轮逐卡 scope/全部断言尚未独立归档；不能沿用历史 PASS","parent caea8175b5c7507bf942b2e752a7327063bfdd43 + uncommitted A.2 source snapshot; candidate10 build-manifest 143 sourceInputs zero mismatches; standalone backup module de45172149112ee6ff17f3baf57b43eb568b55019c85cf3020032d4917ff31bf; candidate9 installed/native-failure and candidate7 historical site scopes kept separately","7a07175ca7d824c5b68892c5eb6c0492abd8bf75c7f0df27b5d4029e0a54e84a","NOT_RUN","candidate10 Host10 Runtime7 schema4; full706/typecheck/source143 frozen; not installed; historical E-V/maintenance and candidate7/9 scopes as indexed","NOT_RUN","",""
"REQ-036","历史数据可追溯迁移","A.0","TST-036","TODO-049;TODO-050","REQ-056;REQ-073;REQ-079","","FIXTURE / 实际命令；对应真实范围另列","REPORTED_ONLY / 需原始证据","NOT_RUN","IMPLEMENTED_RELATED_CHECKS_PASS","PASS_RELATED_TESTS_NOT_FORMAL_TST","FIXTURE (related suite assertions only)","docs/apps-migration-runbook.md;packages/app-migration/src/schema4.ts;packages/app-migration/src/maintenance.ts","test/apps-migration/migration.test.ts;test/apps-migration/schema4.test.ts","E-FULL-4;E-MIGRATE-4;E-RESTORE-LIVE;E-ENTRY-LIVE;E-FULL-10;E-FROZEN-10","NOT_RUN","原 48 项本轮逐卡 scope/全部断言尚未独立归档；不能沿用历史 PASS","parent caea8175b5c7507bf942b2e752a7327063bfdd43 + uncommitted A.2 source snapshot; candidate10 build-manifest 143 sourceInputs zero mismatches; standalone backup module de45172149112ee6ff17f3baf57b43eb568b55019c85cf3020032d4917ff31bf; candidate9 installed/native-failure and candidate7 historical site scopes kept separately","7a07175ca7d824c5b68892c5eb6c0492abd8bf75c7f0df27b5d4029e0a54e84a","OFFLINE_MIGRATION_BACKUP_RESTORE_PASS;ENTRY_SWITCH_PASS","candidate10 Host10 Runtime7 schema4; full706/typecheck/source143 frozen; not installed; historical E-V/maintenance and candidate7/9 scopes as indexed","candidate7 Host7 Runtime5 schema4; maintenance source identity recorded separately; candidate9 installed/runtime/reopen proof separate","46a5d6c9910027c19c33b9327270f6418b51434d8018e06e770b21d302bcb524",""
"REQ-037","禁止双写切换","A.0","TST-037","TODO-049;TODO-050","REQ-079","","FIXTURE / 实际命令；对应真实范围另列","REPORTED_ONLY / 需原始证据","NOT_RUN","IMPLEMENTED_RELATED_CHECKS_PASS","PASS_RELATED_TESTS_NOT_FORMAL_TST","FIXTURE (related suite assertions only)","packages/service/src/apps-main.ts;docs/apps-migration-runbook.md;packages/app-migration/src/schema4.ts;packages/app-migration/src/maintenance.ts","test/apps-runtime/http.test.ts;test/apps-migration/full-rehearsal.test.ts","E-FULL-4;E-MIGRATE-4;E-ENTRY-LIVE;E-FULL-10;E-FROZEN-10","NOT_RUN","原 48 项本轮逐卡 scope/全部断言尚未独立归档；不能沿用历史 PASS","parent caea8175b5c7507bf942b2e752a7327063bfdd43 + uncommitted A.2 source snapshot; candidate10 build-manifest 143 sourceInputs zero mismatches; standalone backup module de45172149112ee6ff17f3baf57b43eb568b55019c85cf3020032d4917ff31bf; candidate9 installed/native-failure and candidate7 historical site scopes kept separately","7a07175ca7d824c5b68892c5eb6c0492abd8bf75c7f0df27b5d4029e0a54e84a","UNIQUE_WRITER_AND_PROFILE_ENTRY_PASS","candidate10 Host10 Runtime7 schema4; full706/typecheck/source143 frozen; not installed; historical E-V/maintenance and candidate7/9 scopes as indexed","candidate7 Host7 Runtime5 schema4; maintenance source identity recorded separately; candidate9 installed/runtime/reopen proof separate","46a5d6c9910027c19c33b9327270f6418b51434d8018e06e770b21d302bcb524",""
"REQ-038","有条件回退","A.0","TST-038","TODO-049;TODO-050","REQ-079","","FIXTURE / 实际命令；对应真实范围另列","REPORTED_ONLY / 需原始证据","NOT_RUN","IMPLEMENTED_RELATED_CHECKS_PASS","PASS_RELATED_TESTS_NOT_FORMAL_TST","FIXTURE (related suite assertions only)","docs/apps-migration-runbook.md;packages/app-migration/src/schema4.ts;packages/app-migration/src/maintenance.ts","test/apps-migration/migration.test.ts;test/apps-migration/full-rehearsal.test.ts","E-FULL-4;E-MIGRATE-4;E-FULL-10;E-FROZEN-10","NOT_RUN","原 48 项本轮逐卡 scope/全部断言尚未独立归档；不能沿用历史 PASS","parent caea8175b5c7507bf942b2e752a7327063bfdd43 + uncommitted A.2 source snapshot; candidate10 build-manifest 143 sourceInputs zero mismatches; standalone backup module de45172149112ee6ff17f3baf57b43eb568b55019c85cf3020032d4917ff31bf; candidate9 installed/native-failure and candidate7 historical site scopes kept separately","7a07175ca7d824c5b68892c5eb6c0492abd8bf75c7f0df27b5d4029e0a54e84a","NOT_RUN","candidate10 Host10 Runtime7 schema4; full706/typecheck/source143 frozen; not installed; historical E-V/maintenance and candidate7/9 scopes as indexed","NOT_RUN","",""
"REQ-039","引用驱动清理","A.0","TST-039","TODO-049;TODO-050","REQ-056;REQ-063;REQ-072;REQ-073;REQ-079","","FIXTURE / 实际命令；对应真实范围另列","REPORTED_ONLY / 需原始证据","NOT_RUN","IMPLEMENTED_RELATED_CHECKS_PASS","PASS_RELATED_TESTS_NOT_FORMAL_TST","FIXTURE (related suite assertions only)","docs/apps-migration-runbook.md;packages/app-migration/src/schema4.ts;packages/app-migration/src/maintenance.ts","test/apps-migration/migration.test.ts;test/apps-migration/context-retention.test.ts","E-FULL-4;E-MIGRATE-4;E-FULL-10;E-FROZEN-10","NOT_RUN","原 48 项本轮逐卡 scope/全部断言尚未独立归档；不能沿用历史 PASS","parent caea8175b5c7507bf942b2e752a7327063bfdd43 + uncommitted A.2 source snapshot; candidate10 build-manifest 143 sourceInputs zero mismatches; standalone backup module de45172149112ee6ff17f3baf57b43eb568b55019c85cf3020032d4917ff31bf; candidate9 installed/native-failure and candidate7 historical site scopes kept separately","7a07175ca7d824c5b68892c5eb6c0492abd8bf75c7f0df27b5d4029e0a54e84a","NOT_RUN","candidate10 Host10 Runtime7 schema4; full706/typecheck/source143 frozen; not installed; historical E-V/maintenance and candidate7/9 scopes as indexed","NOT_RUN","",""
"REQ-040","保留旧工具与协议入口","A.0","TST-040","TODO-049;TODO-050","REQ-056","","LIVE_HOST + FIXTURE","CODE_PRESENT / 不等于整体验收","NOT_RUN","IMPLEMENTED_RELATED_CHECKS_PASS","PASS_RELATED_TESTS_NOT_FORMAL_TST","FIXTURE (related suite assertions only);SOURCE_EXEC (packed fixture)","bundles/apps/server/index.ts;packages/app-hallmark/src/index.ts","test/app-hallmark/legacy-replay.test.ts;test/apps-components/legacy.test.ts;test/source-preview/preview.test.ts","E-FULL-4;E-PACK-9;E-SOURCE-9;E-FULL-10;E-FROZEN-10","NOT_RUN","原 48 项本轮逐卡 scope/全部断言尚未独立归档；不能沿用历史 PASS；candidate.7 已正常重开/原@只读有窄证据；candidate.9实际安装/Runtime/健康已核对；原生全流程/注册/卸载仍待验","parent caea8175b5c7507bf942b2e752a7327063bfdd43 + uncommitted A.2 source snapshot; candidate10 build-manifest 143 sourceInputs zero mismatches; standalone backup module de45172149112ee6ff17f3baf57b43eb568b55019c85cf3020032d4917ff31bf; candidate9 installed/native-failure and candidate7 historical site scopes kept separately","7a07175ca7d824c5b68892c5eb6c0492abd8bf75c7f0df27b5d4029e0a54e84a","NOT_RUN","candidate10 Host10 Runtime7 schema4; full706/typecheck/source143 frozen; not installed; historical E-V/maintenance and candidate7/9 scopes as indexed","NOT_RUN","",""
"REQ-041","DSH 兼容探针","A.0","TST-041","TODO-049;TODO-050","REQ-050;REQ-068;REQ-077;REQ-080","","LIVE_HOST + FIXTURE","CODE_PRESENT / 不等于整体验收","PASS","IMPLEMENTED_RELATED_CHECKS_PASS","PASS_RELATED_TESTS_NOT_FORMAL_TST","FIXTURE (related suite assertions only)","packages/plugin-apps/src/index.ts;docs/apps-v1-candidate.md","test/dsh-compat/host-capabilities.test.ts;test/plugin-apps/native-session.test.ts","E-FULL-4;E-FULL-10;E-FROZEN-10","NOT_RUN","原 48 项本轮逐卡 scope/全部断言尚未独立归档；不能沿用历史 PASS；candidate.7 已正常重开/原@只读有窄证据；candidate.9实际安装/Runtime/健康已核对；原生全流程/注册/卸载仍待验","parent caea8175b5c7507bf942b2e752a7327063bfdd43 + uncommitted A.2 source snapshot; candidate10 build-manifest 143 sourceInputs zero mismatches; standalone backup module de45172149112ee6ff17f3baf57b43eb568b55019c85cf3020032d4917ff31bf; candidate9 installed/native-failure and candidate7 historical site scopes kept separately","7a07175ca7d824c5b68892c5eb6c0492abd8bf75c7f0df27b5d4029e0a54e84a","NOT_RUN","candidate10 Host10 Runtime7 schema4; full706/typecheck/source143 frozen; not installed; historical E-V/maintenance and candidate7/9 scopes as indexed","NOT_RUN","",""
"REQ-042","统一分发但独立版本","A.0","TST-042","TODO-049;TODO-050","REQ-077;REQ-079;REQ-080","","LIVE_HOST + FIXTURE","CODE_PRESENT / 不等于整体验收","PASS","IMPLEMENTED_RELATED_CHECKS_PASS","PASS_RELATED_TESTS_NOT_FORMAL_TST","FIXTURE (related suite assertions only);LIVE_INSTALLED_FILES+LIVE_RUNTIME candidate9 files/sourceInputs/health; desktop normal reopen; native memory acceptance pending","bundles/apps/server/index.ts;docs/apps-v1-candidate.md","test/plugin-apps/versions.test.ts","E-FULL-4;E-INSTALL-7;E-ENTRY-LIVE;E-INSTALL-9;E-LIVE-9;E-FULL-10;E-FROZEN-10","NOT_RUN","candidate9实际官方安装五hash/sourceInput无差异及Runtime7/schema4/health正常重开已核对；原生Host/Client内存注册与卸载重开最低scope仍待验","parent caea8175b5c7507bf942b2e752a7327063bfdd43 + uncommitted A.2 source snapshot; candidate10 build-manifest 143 sourceInputs zero mismatches; standalone backup module de45172149112ee6ff17f3baf57b43eb568b55019c85cf3020032d4917ff31bf; candidate9 installed/native-failure and candidate7 historical site scopes kept separately","7a07175ca7d824c5b68892c5eb6c0492abd8bf75c7f0df27b5d4029e0a54e84a","CANDIDATE9_OFFICIAL_INSTALL_FIVE_HASH_SOURCE_INPUTS_RUNTIME_HEALTH_NORMAL_REOPEN_PASS;NATIVE_MEMORY_REGISTRATION_NOT_RUN","candidate10 Host10 Runtime7 schema4; full706/typecheck/source143 frozen; not installed; historical E-V/maintenance and candidate7/9 scopes as indexed","candidate9 Host9 disk / Runtime7 actual/schema4; E-INSTALL7/E-ENTRY/E-NATIVE-READ7 historical as indexed","dc0c884bcaa0f94d063ddbd9ad2a484b2e877293a0a3c39310b6017955a89154","46a5d6c9910027c19c33b9327270f6418b51434d8018e06e770b21d302bcb524"
"REQ-043","异构应用验证","A.0","TST-043","TODO-049;TODO-050","REQ-052;REQ-067;REQ-078","","LIVE_HOST + FIXTURE","CODE_PRESENT / 不等于整体验收","NOT_RUN","IMPLEMENTED_RELATED_CHECKS_PASS","PASS_RELATED_TESTS_NOT_FORMAL_TST","FIXTURE (related suite assertions only)","packages/app-notes/src/index.ts;docs/apps-v1-candidate.md","test/app-notes/provider.test.ts;test/apps-runtime/http.test.ts","E-FULL-4;E-FULL-10;E-FROZEN-10","NOT_RUN","原 48 项本轮逐卡 scope/全部断言尚未独立归档；不能沿用历史 PASS；candidate.7 已正常重开/原@只读有窄证据；candidate.9实际安装/Runtime/健康已核对；原生全流程/注册/卸载仍待验","parent caea8175b5c7507bf942b2e752a7327063bfdd43 + uncommitted A.2 source snapshot; candidate10 build-manifest 143 sourceInputs zero mismatches; standalone backup module de45172149112ee6ff17f3baf57b43eb568b55019c85cf3020032d4917ff31bf; candidate9 installed/native-failure and candidate7 historical site scopes kept separately","7a07175ca7d824c5b68892c5eb6c0492abd8bf75c7f0df27b5d4029e0a54e84a","NOT_RUN","candidate10 Host10 Runtime7 schema4; full706/typecheck/source143 frozen; not installed; historical E-V/maintenance and candidate7/9 scopes as indexed","NOT_RUN","",""
"REQ-044","可定位观测记录","A.0","TST-044","TODO-049;TODO-050","REQ-054;REQ-077","","LIVE_HOST + FIXTURE","CODE_PRESENT / 不等于整体验收","NOT_RUN","IMPLEMENTED_RELATED_CHECKS_PASS","PASS_RELATED_TESTS_NOT_FORMAL_TST","FIXTURE (related suite assertions only)","packages/app-runtime/src/index.ts;packages/plugin-apps/client/directory.tsx","test/apps-runtime/runtime.test.ts;test/authoring/http.test.ts","E-FULL-4;E-FULL-10;E-FROZEN-10","NOT_RUN","原 48 项本轮逐卡 scope/全部断言尚未独立归档；不能沿用历史 PASS；candidate.7 已正常重开/原@只读有窄证据；candidate.9实际安装/Runtime/健康已核对；原生全流程/注册/卸载仍待验","parent caea8175b5c7507bf942b2e752a7327063bfdd43 + uncommitted A.2 source snapshot; candidate10 build-manifest 143 sourceInputs zero mismatches; standalone backup module de45172149112ee6ff17f3baf57b43eb568b55019c85cf3020032d4917ff31bf; candidate9 installed/native-failure and candidate7 historical site scopes kept separately","7a07175ca7d824c5b68892c5eb6c0492abd8bf75c7f0df27b5d4029e0a54e84a","NOT_RUN","candidate10 Host10 Runtime7 schema4; full706/typecheck/source143 frozen; not installed; historical E-V/maintenance and candidate7/9 scopes as indexed","NOT_RUN","",""
"REQ-045","自动化故障矩阵","A.0","TST-045","TODO-049;TODO-050","REQ-067;REQ-075;REQ-080","","FIXTURE / 实际命令；对应真实范围另列","REPORTED_ONLY / 需原始证据","NOT_RUN","IMPLEMENTED_RELATED_CHECKS_PASS","PASS_RELATED_TESTS_NOT_FORMAL_TST","FIXTURE (related suite assertions only)","docs/apps-publication-validation-20261007.md","test/apps-runtime/runtime.test.ts;test/apps-runtime/sdk-cancellation.test.ts;test/plugin-apps/native-recovery.test.ts","E-FULL-4;E-FULL-10;E-FROZEN-10","NOT_RUN","原 48 项本轮逐卡 scope/全部断言尚未独立归档；不能沿用历史 PASS","parent caea8175b5c7507bf942b2e752a7327063bfdd43 + uncommitted A.2 source snapshot; candidate10 build-manifest 143 sourceInputs zero mismatches; standalone backup module de45172149112ee6ff17f3baf57b43eb568b55019c85cf3020032d4917ff31bf; candidate9 installed/native-failure and candidate7 historical site scopes kept separately","7a07175ca7d824c5b68892c5eb6c0492abd8bf75c7f0df27b5d4029e0a54e84a","NOT_RUN","candidate10 Host10 Runtime7 schema4; full706/typecheck/source143 frozen; not installed; historical E-V/maintenance and candidate7/9 scopes as indexed","NOT_RUN","",""
"REQ-046","性能与上下文基准","A.0","TST-046","TODO-049;TODO-050","REQ-077;REQ-080","","FIXTURE / 实际命令；对应真实范围另列","REPORTED_ONLY / 需原始证据","NOT_RUN","IMPLEMENTED_RELATED_CHECKS_PASS","PASS_RELATED_TESTS_NOT_FORMAL_TST","FIXTURE (related suite assertions only)","docs/apps-v1-candidate.md;docs/apps-publication-validation-20261007.md","test/apps-host/audit-regressions.test.ts;test/apps-components/interaction.test.ts","E-FULL-4;E-FULL-10;E-FROZEN-10","NOT_RUN","原 48 项本轮逐卡 scope/全部断言尚未独立归档；不能沿用历史 PASS；不得以模拟时间或测试总耗时代替现场性能/上下文基准","parent caea8175b5c7507bf942b2e752a7327063bfdd43 + uncommitted A.2 source snapshot; candidate10 build-manifest 143 sourceInputs zero mismatches; standalone backup module de45172149112ee6ff17f3baf57b43eb568b55019c85cf3020032d4917ff31bf; candidate9 installed/native-failure and candidate7 historical site scopes kept separately","7a07175ca7d824c5b68892c5eb6c0492abd8bf75c7f0df27b5d4029e0a54e84a","NOT_RUN","candidate10 Host10 Runtime7 schema4; full706/typecheck/source143 frozen; not installed; historical E-V/maintenance and candidate7/9 scopes as indexed","NOT_RUN","",""
"REQ-047","可复现交付证据","A.0","TST-047","TODO-049;TODO-050","REQ-055;REQ-058;REQ-067;REQ-077;REQ-080","","FIXTURE / 实际命令；对应真实范围另列","REPORTED_ONLY / 需原始证据","NOT_RUN","IMPLEMENTED_RELATED_CHECKS_PASS","PASS_RELATED_TESTS_NOT_FORMAL_TST","FIXTURE (related suite assertions only);SOURCE_EXEC (packed fixture)","docs/apps-publication-validation-20261007.md;docs/requirements/traceability.csv","test/plugin-apps/versions.test.ts;test/authoring/evidence-runner.test.ts","E-FULL-4;E-PACK-9;E-SOURCE-9;E-FULL-10;E-FROZEN-10","NOT_RUN","原 48 项本轮逐卡 scope/全部断言尚未独立归档；不能沿用历史 PASS","parent caea8175b5c7507bf942b2e752a7327063bfdd43 + uncommitted A.2 source snapshot; candidate10 build-manifest 143 sourceInputs zero mismatches; standalone backup module de45172149112ee6ff17f3baf57b43eb568b55019c85cf3020032d4917ff31bf; candidate9 installed/native-failure and candidate7 historical site scopes kept separately","7a07175ca7d824c5b68892c5eb6c0492abd8bf75c7f0df27b5d4029e0a54e84a","NOT_RUN","candidate10 Host10 Runtime7 schema4; full706/typecheck/source143 frozen; not installed; historical E-V/maintenance and candidate7/9 scopes as indexed","NOT_RUN","",""
"REQ-048","不扩张本期目标","A.0","TST-048","TODO-049;TODO-050","REQ-049;REQ-080","","LIVE_HOST + FIXTURE","CODE_PRESENT / 不等于整体验收","NOT_RUN","IMPLEMENTED_RELATED_CHECKS_PASS","PASS_RELATED_TESTS_NOT_FORMAL_TST","FIXTURE (related suite assertions only)","packages/service/src/apps-main.ts;bundles/apps/server/index.ts;docs/apps-product-requirements-20261007.md","test/plugin-apps/host.test.ts;test/plugin-apps/native-workspace.test.ts","E-FULL-4;E-FULL-10;E-FROZEN-10","NOT_RUN","原 48 项本轮逐卡 scope/全部断言尚未独立归档；不能沿用历史 PASS；candidate.7 已正常重开/原@只读有窄证据；candidate.9实际安装/Runtime/健康已核对；原生全流程/注册/卸载仍待验","parent caea8175b5c7507bf942b2e752a7327063bfdd43 + uncommitted A.2 source snapshot; candidate10 build-manifest 143 sourceInputs zero mismatches; standalone backup module de45172149112ee6ff17f3baf57b43eb568b55019c85cf3020032d4917ff31bf; candidate9 installed/native-failure and candidate7 historical site scopes kept separately","7a07175ca7d824c5b68892c5eb6c0492abd8bf75c7f0df27b5d4029e0a54e84a","NOT_RUN","candidate10 Host10 Runtime7 schema4; full706/typecheck/source143 frozen; not installed; historical E-V/maintenance and candidate7/9 scopes as indexed","NOT_RUN","",""
"REQ-049","只扩展原聊天，不移植原型外壳","A.2","TST-049","TODO-027;TODO-028;TODO-043","REQ-001;REQ-002;REQ-048","AC-13-01","LIVE_HOST","TARGET_NOT_ACCEPTED","","CANDIDATE10_LOCAL_CLIENT_FIXES_PACKED_RELATED_CHECKS_PASS_NOT_INSTALLED","PASS_RELATED_TESTS_NOT_FORMAL_TST","FIXTURE;LIVE_HOST+LIVE_MODEL candidate7 one native @/human manual-send/readonly turn only;FIXTURE pre-candidate10 production React/synthetic API 26 assertions PASS/typecheck PASS; result frozen before packaging; no installed DSH GUI;FIXTURE candidate10 independent candidate discovery/single frame lifecycle; related164/final13; independent source review four FIX_VERIFIED; no LIVE_HOST acceptance;FIXTURE candidate10 production React/synthetic API visual26 recheck PASS; packed source verified; not installed","packages/dsh-plugin/client/plugin.ts;packages/plugin-apps/client/workspace.tsx;packages/plugin-apps/client/native-publication.tsx;packages/plugin-apps/client/sidebar.tsx;packages/plugin-apps/client/view.tsx","test/plugin-apps/native-workspace.test.ts;test/plugin-apps/native-lifecycle.test.ts;test/plugin-apps/native-candidate-surface.test.ts;test/plugin-apps/native-frame-handshake.test.ts","E-FULL-4;E-NATIVE-READ-7;E-VISUAL-FINDING-9;E-UI-LOCAL;E-FULL-10;E-FROZEN-10;E-SURFACE-10;E-V-SURFACE-10;E-VISUAL-10","NOT_RUN","candidate9实际Apps截图未达确认图；10局部导航/目录/库/工作副本及独立候选展示修复已打包，706/视觉26/候选13/source review通过但未安装；原桌面视觉、原聊天/原附件/卸载LIVE_HOST全断言待验","parent caea8175b5c7507bf942b2e752a7327063bfdd43 + uncommitted A.2 source snapshot; candidate10 build-manifest 143 sourceInputs zero mismatches; standalone backup module de45172149112ee6ff17f3baf57b43eb568b55019c85cf3020032d4917ff31bf; candidate9 installed/native-failure and candidate7 historical site scopes kept separately","7a07175ca7d824c5b68892c5eb6c0492abd8bf75c7f0df27b5d4029e0a54e84a","CANDIDATE9_VISUAL_REFERENCE_MISMATCH;CANDIDATE10_PACKED_FIXTURE_PASS_NOT_INSTALLED","candidate10 Host10 Runtime7 schema4; full706/typecheck/source143 frozen; not installed; historical E-V/maintenance and candidate7/9 scopes as indexed","candidate9 actual screenshot finding; candidate7 original @ readonly turn historical","dc0c884bcaa0f94d063ddbd9ad2a484b2e877293a0a3c39310b6017955a89154","46a5d6c9910027c19c33b9327270f6418b51434d8018e06e770b21d302bcb524"
"REQ-050","原生 @ 候选、引用与清理","A.2","TST-050","TODO-028;TODO-029","REQ-005;REQ-006;REQ-009;REQ-041","AC-13-01","LIVE_HOST","TARGET_NOT_ACCEPTED","","IMPLEMENTED_RELATED_CHECKS_PASS","PASS_RELATED_TESTS_NOT_FORMAL_TST","FIXTURE;LIVE_HOST+LIVE_MODEL candidate7 one native @/human manual-send/readonly turn only","packages/plugin-apps/client/native-apps.ts;packages/plugin-apps/client/native-input.tsx;packages/dsh-plugin/client/plugin.ts","test/plugin-apps/native-apps.test.ts;test/plugin-apps/native-lifecycle.test.ts","E-FULL-4;E-NATIVE-READ-7;E-FULL-10;E-FROZEN-10","NOT_RUN","candidate7实际@序列化与人工发送已观察；candidate9复验、键盘/中文组合态/原附件保护/清理/卸载全断言","parent caea8175b5c7507bf942b2e752a7327063bfdd43 + uncommitted A.2 source snapshot; candidate10 build-manifest 143 sourceInputs zero mismatches; standalone backup module de45172149112ee6ff17f3baf57b43eb568b55019c85cf3020032d4917ff31bf; candidate9 installed/native-failure and candidate7 historical site scopes kept separately","7a07175ca7d824c5b68892c5eb6c0492abd8bf75c7f0df27b5d4029e0a54e84a","ONE_NATIVE_AT_REFERENCE_SERIALIZATION_OBSERVED;IME_ATTACHMENT_CLEANUP_NOT_RUN","candidate10 Host10 Runtime7 schema4; full706/typecheck/source143 frozen; not installed; historical E-V/maintenance and candidate7/9 scopes as indexed","candidate7 Host7 Runtime5 schema4; candidate9 installed/runtime/reopen proof separate","46a5d6c9910027c19c33b9327270f6418b51434d8018e06e770b21d302bcb524",""
"REQ-051","引用绑定状态机与迟到响应","A.2","TST-051","TODO-029;TODO-030","REQ-007;REQ-008;REQ-009;REQ-034","AC-13-01","FIXTURE+LIVE_HOST","TARGET_NOT_ACCEPTED","","IMPLEMENTED_RELATED_CHECKS_PASS","PASS_RELATED_TESTS_NOT_FORMAL_TST","FIXTURE","packages/service/src/native-bindings.ts;packages/plugin-apps/client/native-apps.ts","test/plugin-apps/native-apps.test.ts;test/plugin-apps/native-proxy.test.ts","E-FULL-4;E-FULL-10;E-FROZEN-10","NOT_RUN","原桌面 A/B 迟到响应、引用取消与多连接实际状态","parent caea8175b5c7507bf942b2e752a7327063bfdd43 + uncommitted A.2 source snapshot; candidate10 build-manifest 143 sourceInputs zero mismatches; standalone backup module de45172149112ee6ff17f3baf57b43eb568b55019c85cf3020032d4917ff31bf; candidate9 installed/native-failure and candidate7 historical site scopes kept separately","7a07175ca7d824c5b68892c5eb6c0492abd8bf75c7f0df27b5d4029e0a54e84a","NOT_RUN","candidate10 Host10 Runtime7 schema4; full706/typecheck/source143 frozen; not installed; historical E-V/maintenance and candidate7/9 scopes as indexed","NOT_RUN","",""
"REQ-052","不把多应用模型退化为单 activeApp","A.2","TST-052","TODO-030;TODO-031","REQ-007;REQ-008;REQ-009;REQ-032;REQ-043","AC-13-01;AC-13-08","FIXTURE+LIVE_HOST","TARGET_NOT_ACCEPTED","","IMPLEMENTED_RELATED_CHECKS_PASS","PASS_RELATED_TESTS_NOT_FORMAL_TST","FIXTURE","packages/app-runtime/src/index.ts;packages/service/src/native-bindings.ts;packages/plugin-apps/client/view.tsx","test/plugin-apps/native-apps.test.ts;test/apps-runtime/http.test.ts","E-FULL-4;E-FULL-10;E-FROZEN-10","NOT_RUN","原桌面多应用/多连接/焦点分离与跨会话","parent caea8175b5c7507bf942b2e752a7327063bfdd43 + uncommitted A.2 source snapshot; candidate10 build-manifest 143 sourceInputs zero mismatches; standalone backup module de45172149112ee6ff17f3baf57b43eb568b55019c85cf3020032d4917ff31bf; candidate9 installed/native-failure and candidate7 historical site scopes kept separately","7a07175ca7d824c5b68892c5eb6c0492abd8bf75c7f0df27b5d4029e0a54e84a","NOT_RUN","candidate10 Host10 Runtime7 schema4; full706/typecheck/source143 frozen; not installed; historical E-V/maintenance and candidate7/9 scopes as indexed","NOT_RUN","",""
"REQ-053","编辑目标与历史消息引用明确","A.2","TST-053","TODO-031","REQ-025;REQ-026;REQ-031","AC-13-03;AC-13-08","FIXTURE+LIVE_HOST","TARGET_NOT_ACCEPTED","","IMPLEMENTED_RELATED_CHECKS_PASS","PASS_RELATED_TESTS_NOT_FORMAL_TST","FIXTURE","packages/plugin-apps/client/view.tsx;packages/plugin-apps/src/index.ts;packages/app-presentation/src/authoring.ts","test/plugin-apps/native-publication.test.ts;test/plugin-apps/native-guidance.test.ts","E-FULL-4;E-FULL-10;E-FROZEN-10","NOT_RUN","原消息固定目标和多个工作副本真实打开/编辑","parent caea8175b5c7507bf942b2e752a7327063bfdd43 + uncommitted A.2 source snapshot; candidate10 build-manifest 143 sourceInputs zero mismatches; standalone backup module de45172149112ee6ff17f3baf57b43eb568b55019c85cf3020032d4917ff31bf; candidate9 installed/native-failure and candidate7 historical site scopes kept separately","7a07175ca7d824c5b68892c5eb6c0492abd8bf75c7f0df27b5d4029e0a54e84a","NOT_RUN","candidate10 Host10 Runtime7 schema4; full706/typecheck/source143 frozen; not installed; historical E-V/maintenance and candidate7/9 scopes as indexed","NOT_RUN","",""
"REQ-054","创作工作副本与尝试账本","A.2","TST-054","TODO-032","REQ-025;REQ-026;REQ-034;REQ-044","AC-13-02;AC-13-08","FIXTURE","TARGET_NOT_ACCEPTED","","IMPLEMENTED_RELATED_CHECKS_PASS","PASS_RELATED_TESTS_NOT_FORMAL_TST","FIXTURE","packages/app-presentation/src/authoring.ts;packages/app-runtime/src/store.ts;packages/app-contracts/src/authoring-ui.ts","test/authoring/backend.test.ts;test/apps-migration/schema4.test.ts","E-FULL-4;E-V-57;E-FULL-10;E-FROZEN-10","NOT_RUN","TST-054 全断言的独立正式记录","parent caea8175b5c7507bf942b2e752a7327063bfdd43 + uncommitted A.2 source snapshot; candidate10 build-manifest 143 sourceInputs zero mismatches; standalone backup module de45172149112ee6ff17f3baf57b43eb568b55019c85cf3020032d4917ff31bf; candidate9 installed/native-failure and candidate7 historical site scopes kept separately","7a07175ca7d824c5b68892c5eb6c0492abd8bf75c7f0df27b5d4029e0a54e84a","NOT_RUN","candidate10 Host10 Runtime7 schema4; full706/typecheck/source143 frozen; not installed; historical E-V/maintenance and candidate7/9 scopes as indexed","NOT_RUN","",""
"REQ-055","真实构建输入与输出回执","A.2","TST-055","TODO-033","REQ-025;REQ-026;REQ-047","AC-13-02;AC-13-04","FIXTURE+SOURCE_EXEC","TARGET_NOT_ACCEPTED","","IMPLEMENTED_RELATED_CHECKS_PASS","PASS_RELATED_TESTS_NOT_FORMAL_TST","FIXTURE;SOURCE_EXEC","packages/source-components/src/authoring-evidence.ts;scripts/apps-authoring-build.mjs","test/authoring/evidence-runner.test.ts;test/authoring/http.test.ts","E-FULL-4;E-PACK-9;E-SOURCE-9;E-V-57;E-FULL-10;E-FROZEN-10","NOT_RUN","TST-055 全断言与签名回执映射；原模型使用另验","parent caea8175b5c7507bf942b2e752a7327063bfdd43 + uncommitted A.2 source snapshot; candidate10 build-manifest 143 sourceInputs zero mismatches; standalone backup module de45172149112ee6ff17f3baf57b43eb568b55019c85cf3020032d4917ff31bf; candidate9 installed/native-failure and candidate7 historical site scopes kept separately","7a07175ca7d824c5b68892c5eb6c0492abd8bf75c7f0df27b5d4029e0a54e84a","NOT_RUN","candidate10 Host10 Runtime7 schema4; full706/typecheck/source143 frozen; not installed; historical E-V/maintenance and candidate7/9 scopes as indexed","NOT_RUN","",""
"REQ-056","不可变归档和历史兼容","A.2","TST-056","TODO-033;TODO-045","REQ-026;REQ-036;REQ-039;REQ-040","AC-13-05","FIXTURE","TARGET_NOT_ACCEPTED","","IMPLEMENTED_RELATED_CHECKS_PASS","PASS_RELATED_TESTS_NOT_FORMAL_TST","FIXTURE","packages/source-components/src/index.ts;packages/app-presentation/src/authoring.ts;packages/app-migration/src/maintenance.ts","test/authoring/backend.test.ts;test/apps-components/presentation.test.ts;test/apps-migration/migration.test.ts","E-FULL-4;E-V-57;E-FULL-10;E-FROZEN-10","NOT_RUN","TST-056 历史/活引用全断言的正式签认","parent caea8175b5c7507bf942b2e752a7327063bfdd43 + uncommitted A.2 source snapshot; candidate10 build-manifest 143 sourceInputs zero mismatches; standalone backup module de45172149112ee6ff17f3baf57b43eb568b55019c85cf3020032d4917ff31bf; candidate9 installed/native-failure and candidate7 historical site scopes kept separately","7a07175ca7d824c5b68892c5eb6c0492abd8bf75c7f0df27b5d4029e0a54e84a","NOT_RUN","candidate10 Host10 Runtime7 schema4; full706/typecheck/source143 frozen; not installed; historical E-V/maintenance and candidate7/9 scopes as indexed","NOT_RUN","",""
"REQ-057","v2 同份 dist 的真实预览","A.2","TST-057","TODO-034","REQ-025;REQ-027;REQ-028","AC-13-02","SOURCE_EXEC","TARGET_NOT_ACCEPTED","","IMPLEMENTED_RELATED_CHECKS_PASS","PASS_RELATED_TESTS_NOT_FORMAL_TST","SOURCE_EXEC;FIXTURE","packages/source-components/src/authoring-preview.ts;scripts/apps-authoring-preview.mjs;packages/component-runtime/src/apps-client.ts","test/authoring/preview-runner.test.ts;test/source-preview/preview.test.ts","E-FULL-4;E-PACK-9;E-SOURCE-9;E-V-57;E-FULL-10;E-FROZEN-10","NOT_RUN","TST-057 资源哈希/协议/真实数据形状全部断言归档","parent caea8175b5c7507bf942b2e752a7327063bfdd43 + uncommitted A.2 source snapshot; candidate10 build-manifest 143 sourceInputs zero mismatches; standalone backup module de45172149112ee6ff17f3baf57b43eb568b55019c85cf3020032d4917ff31bf; candidate9 installed/native-failure and candidate7 historical site scopes kept separately","7a07175ca7d824c5b68892c5eb6c0492abd8bf75c7f0df27b5d4029e0a54e84a","NOT_RUN","candidate10 Host10 Runtime7 schema4; full706/typecheck/source143 frozen; not installed; historical E-V/maintenance and candidate7/9 scopes as indexed","NOT_RUN","",""
"REQ-058","真实预览报告与 Agent 可消费反馈","A.2","TST-058","TODO-035;TODO-042","REQ-025;REQ-027;REQ-031;REQ-047","AC-13-02;AC-13-03","SOURCE_EXEC+LIVE_MODEL","TARGET_NOT_ACCEPTED","","IMPLEMENTED_RELATED_CHECKS_PASS","PASS_RELATED_TESTS_NOT_FORMAL_TST","SOURCE_EXEC;FIXTURE","packages/source-components/src/authoring-evidence.ts;packages/source-components/src/authoring-preview-plan.ts;scripts/apps-authoring-preview.mjs;skills/hallmark-component-design/SKILL.md","test/authoring/preview-runner.test.ts;test/authoring/evidence-runner.test.ts","E-FULL-4;E-SOURCE-9;E-V-57;E-FULL-10;E-FROZEN-10","NOT_RUN","LIVE_MODEL 原 Agent 实际读取截图/报告并反馈迭代 NOT_RUN","parent caea8175b5c7507bf942b2e752a7327063bfdd43 + uncommitted A.2 source snapshot; candidate10 build-manifest 143 sourceInputs zero mismatches; standalone backup module de45172149112ee6ff17f3baf57b43eb568b55019c85cf3020032d4917ff31bf; candidate9 installed/native-failure and candidate7 historical site scopes kept separately","7a07175ca7d824c5b68892c5eb6c0492abd8bf75c7f0df27b5d4029e0a54e84a","NOT_RUN","candidate10 Host10 Runtime7 schema4; full706/typecheck/source143 frozen; not installed; historical E-V/maintenance and candidate7/9 scopes as indexed","NOT_RUN","",""
"REQ-059","候选存档、允许发布与实际发布分离","A.2","TST-059","TODO-036","REQ-025;REQ-026;REQ-027","AC-13-02;AC-13-04","FIXTURE","TARGET_NOT_ACCEPTED","","IMPLEMENTED_RELATED_CHECKS_PASS","PASS_RELATED_TESTS_NOT_FORMAL_TST","FIXTURE;SOURCE_EXEC;LIVE_HOST+LIVE_MODEL candidate9 original @/manual-send external Agent creation; source/build/preview/read_image/feedback observed; native mounting failed; no original composer attachment or save","packages/app-presentation/src/authoring.ts;packages/service/src/apps-server.ts","test/authoring/backend.test.ts;test/authoring/http.test.ts","E-FULL-4;E-V-57;E-MODEL-CREATION-9;E-FULL-10;E-FROZEN-10","NOT_RUN","candidate9真实publish六次均未mounted，active/lastGood=null；TST-059候选/可发布/实际提交全部断言与新候选正式结果仍待归档","parent caea8175b5c7507bf942b2e752a7327063bfdd43 + uncommitted A.2 source snapshot; candidate10 build-manifest 143 sourceInputs zero mismatches; standalone backup module de45172149112ee6ff17f3baf57b43eb568b55019c85cf3020032d4917ff31bf; candidate9 installed/native-failure and candidate7 historical site scopes kept separately","7a07175ca7d824c5b68892c5eb6c0492abd8bf75c7f0df27b5d4029e0a54e84a","CANDIDATE9_PUBLICATIONS_FIVE_FAILED_MOUNT_ONE_ELAPSED_MOUNTING;NO_COMMITTED_VIEW","candidate10 Host10 Runtime7 schema4; full706/typecheck/source143 frozen; not installed; historical E-V/maintenance and candidate7/9 scopes as indexed","candidate9 Host9 Runtime7 schema4; frozen original native creation history and read-only durable state supplement","dc0c884bcaa0f94d063ddbd9ad2a484b2e877293a0a3c39310b6017955a89154",""
"REQ-060","同 view 发布 CAS 与代际一致性","A.2","TST-060","TODO-036","REQ-017;REQ-020;REQ-026;REQ-034","AC-13-03;AC-13-08","FIXTURE","TARGET_NOT_ACCEPTED","","IMPLEMENTED_RELATED_CHECKS_PASS","PASS_RELATED_TESTS_NOT_FORMAL_TST","FIXTURE;SOURCE_EXEC","packages/app-presentation/src/authoring.ts;packages/service/src/apps-server.ts","test/authoring/backend.test.ts;test/authoring/http.test.ts","E-FULL-4;E-V-57;E-FULL-10;E-FROZEN-10","NOT_RUN","TST-060 并发/epoch/CAS 全断言正式归档","parent caea8175b5c7507bf942b2e752a7327063bfdd43 + uncommitted A.2 source snapshot; candidate10 build-manifest 143 sourceInputs zero mismatches; standalone backup module de45172149112ee6ff17f3baf57b43eb568b55019c85cf3020032d4917ff31bf; candidate9 installed/native-failure and candidate7 historical site scopes kept separately","7a07175ca7d824c5b68892c5eb6c0492abd8bf75c7f0df27b5d4029e0a54e84a","NOT_RUN","candidate10 Host10 Runtime7 schema4; full706/typecheck/source143 frozen; not installed; historical E-V/maintenance and candidate7/9 scopes as indexed","NOT_RUN","",""
"REQ-061","展示就绪确认和 last-good 恢复","A.2","TST-061","TODO-037","REQ-025;REQ-027;REQ-033","AC-13-04","SOURCE_EXEC+LIVE_HOST","TARGET_NOT_ACCEPTED","","CANDIDATE10_NATIVE_SURFACE_FIX_PACKED_FIXTURE_SOURCE_REVIEW_PASS_NOT_INSTALLED","PASS_RELATED_TESTS_NOT_FORMAL_TST","SOURCE_EXEC;FIXTURE;LIVE_HOST+LIVE_MODEL candidate9 original @/manual-send external Agent creation; source/build/preview/read_image/feedback observed; native mounting failed; no original composer attachment or save;FIXTURE candidate10 independent candidate discovery/single frame lifecycle; related164/final13; independent source review four FIX_VERIFIED; no LIVE_HOST acceptance","packages/dsh-plugin/client/component-frame.tsx;packages/component-runtime/src/apps-react.tsx;packages/app-presentation/src/authoring.ts;packages/plugin-apps/client/native-publication.tsx;packages/plugin-apps/client/sidebar.tsx;packages/plugin-apps/client/view.tsx","test/authoring/http.test.ts;test/plugin-apps/native-extensions.test.ts;test/authoring/backend.test.ts;test/plugin-apps/native-candidate-surface.test.ts;test/plugin-apps/native-frame-handshake.test.ts","E-FULL-4;E-V-57;E-MODEL-CREATION-9;E-FULL-10;E-FROZEN-10;E-SURFACE-10;E-V-SURFACE-10","NOT_RUN","candidate9实际5failed_mount+1过deadline mounting、无mounted；10独立owner发现/正式右侧/唯一授权/hello单飞/ready对账/P1P2隔离修复13专项及独立源码复核通过且已打包，未安装；实际frame就绪/错误/超时/last-good完整验收待验","parent caea8175b5c7507bf942b2e752a7327063bfdd43 + uncommitted A.2 source snapshot; candidate10 build-manifest 143 sourceInputs zero mismatches; standalone backup module de45172149112ee6ff17f3baf57b43eb568b55019c85cf3020032d4917ff31bf; candidate9 installed/native-failure and candidate7 historical site scopes kept separately","7a07175ca7d824c5b68892c5eb6c0492abd8bf75c7f0df27b5d4029e0a54e84a","CANDIDATE9_FIVE_FAILED_MOUNT_ONE_ELAPSED_MOUNTING;ACTIVE_LASTGOOD_NULL;NO_RENDER_READY_SUCCESS","candidate10 Host10 Runtime7 schema4; full706/typecheck/source143 frozen; not installed; historical E-V/maintenance and candidate7/9 scopes as indexed","candidate9 Host9 Runtime7 schema4; frozen original native creation history and read-only durable state supplement","dc0c884bcaa0f94d063ddbd9ad2a484b2e877293a0a3c39310b6017955a89154",""
"REQ-062","取消与晚到结果的确定性语义","A.2","TST-062","TODO-038","REQ-019;REQ-020;REQ-026","AC-13-04;AC-13-08","FIXTURE+LIVE_HOST","TARGET_NOT_ACCEPTED","","IMPLEMENTED_RELATED_CHECKS_PASS","PASS_RELATED_TESTS_NOT_FORMAL_TST","SOURCE_EXEC;FIXTURE","packages/app-presentation/src/authoring.ts;packages/source-components/src/authoring-evidence.ts","test/authoring/evidence-runner.test.ts;test/authoring/http.test.ts;test/authoring/backend.test.ts","E-FULL-4;E-V-57;E-FULL-10;E-FROZEN-10","NOT_RUN","LIVE_HOST 取消/正常重开/迟到边界；已提交不得假称撤销","parent caea8175b5c7507bf942b2e752a7327063bfdd43 + uncommitted A.2 source snapshot; candidate10 build-manifest 143 sourceInputs zero mismatches; standalone backup module de45172149112ee6ff17f3baf57b43eb568b55019c85cf3020032d4917ff31bf; candidate9 installed/native-failure and candidate7 historical site scopes kept separately","7a07175ca7d824c5b68892c5eb6c0492abd8bf75c7f0df27b5d4029e0a54e84a","NOT_RUN","candidate10 Host10 Runtime7 schema4; full706/typecheck/source143 frozen; not installed; historical E-V/maintenance and candidate7/9 scopes as indexed","NOT_RUN","",""
"REQ-063","草稿恢复、关闭与进程重启","A.2","TST-063","TODO-032;TODO-038;TODO-045","REQ-026;REQ-033;REQ-034;REQ-039","AC-13-04;AC-13-08","FIXTURE+LIVE_HOST","TARGET_NOT_ACCEPTED","","IMPLEMENTED_RELATED_CHECKS_PASS","PASS_RELATED_TESTS_NOT_FORMAL_TST","FIXTURE;SOURCE_EXEC","packages/app-presentation/src/authoring.ts;packages/app-runtime/src/store.ts;packages/plugin-apps/client/workspace.tsx","test/authoring/backend.test.ts;test/apps-migration/runtime-backup.test.ts;test/plugin-apps/native-workspace.test.ts","E-FULL-4;E-V-57;E-FULL-10;E-FROZEN-10","NOT_RUN","原桌面重启后的未保存副本/关闭 keep-discard 恢复","parent caea8175b5c7507bf942b2e752a7327063bfdd43 + uncommitted A.2 source snapshot; candidate10 build-manifest 143 sourceInputs zero mismatches; standalone backup module de45172149112ee6ff17f3baf57b43eb568b55019c85cf3020032d4917ff31bf; candidate9 installed/native-failure and candidate7 historical site scopes kept separately","7a07175ca7d824c5b68892c5eb6c0492abd8bf75c7f0df27b5d4029e0a54e84a","NOT_RUN","candidate10 Host10 Runtime7 schema4; full706/typecheck/source143 frozen; not installed; historical E-V/maintenance and candidate7/9 scopes as indexed","NOT_RUN","",""
"REQ-064","组件本地状态恢复和版本迁移","A.2","TST-064","TODO-039","REQ-028;REQ-029;REQ-033","AC-13-03;AC-13-07;AC-13-08","SOURCE_EXEC+LIVE_HOST","TARGET_NOT_ACCEPTED","","IMPLEMENTED_RELATED_CHECKS_PASS","PASS_RELATED_TESTS_NOT_FORMAL_TST","FIXTURE","packages/component-runtime/src/apps-react.tsx;packages/app-presentation/src/authoring.ts;packages/dsh-plugin/client/component-frame.tsx","test/plugin-apps/native-extensions.test.ts;test/authoring/backend.test.ts","E-FULL-4;E-V-57;E-FULL-10;E-FROZEN-10","NOT_RUN","SOURCE_EXEC+LIVE_HOST 换 build/窄宽/重开后的全部声明状态对账","parent caea8175b5c7507bf942b2e752a7327063bfdd43 + uncommitted A.2 source snapshot; candidate10 build-manifest 143 sourceInputs zero mismatches; standalone backup module de45172149112ee6ff17f3baf57b43eb568b55019c85cf3020032d4917ff31bf; candidate9 installed/native-failure and candidate7 historical site scopes kept separately","7a07175ca7d824c5b68892c5eb6c0492abd8bf75c7f0df27b5d4029e0a54e84a","NOT_RUN","candidate10 Host10 Runtime7 schema4; full706/typecheck/source143 frozen; not installed; historical E-V/maintenance and candidate7/9 scopes as indexed","NOT_RUN","",""
"REQ-065","选择验证、附件去重与输入保护","A.2","TST-065","TODO-040","REQ-028;REQ-029;REQ-031","AC-13-06;AC-13-07","FIXTURE+LIVE_HOST","TARGET_NOT_ACCEPTED","","IMPLEMENTED_RELATED_CHECKS_PASS","PASS_RELATED_TESTS_NOT_FORMAL_TST","FIXTURE;SOURCE_EXEC","packages/dsh-plugin/client/selection-native.ts;packages/plugin-apps/client/component-handlers.ts","test/plugin-apps/native-selection.test.ts;test/apps-components/interaction.test.ts","E-FULL-4;E-FULL-10;E-FROZEN-10","NOT_RUN","LIVE_HOST 原输入正文/旧附件保护与真实附加失败/移除","parent caea8175b5c7507bf942b2e752a7327063bfdd43 + uncommitted A.2 source snapshot; candidate10 build-manifest 143 sourceInputs zero mismatches; standalone backup module de45172149112ee6ff17f3baf57b43eb568b55019c85cf3020032d4917ff31bf; candidate9 installed/native-failure and candidate7 historical site scopes kept separately","7a07175ca7d824c5b68892c5eb6c0492abd8bf75c7f0df27b5d4029e0a54e84a","NOT_RUN","candidate10 Host10 Runtime7 schema4; full706/typecheck/source143 frozen; not installed; historical E-V/maintenance and candidate7/9 scopes as indexed","NOT_RUN","",""
"REQ-066","附加、上传、手动发送与消费分段验收","A.2","TST-066","TODO-041","REQ-029;REQ-030;REQ-031","AC-13-06;AC-13-09","LIVE_HOST+LIVE_MODEL","TARGET_NOT_ACCEPTED","","IMPLEMENTED_RELATED_CHECKS_PASS","PASS_RELATED_TESTS_NOT_FORMAL_TST","FIXTURE;SOURCE_EXEC;LIVE_HOST+LIVE_MODEL candidate7 one native @/human manual-send/readonly turn only","packages/plugin-apps/src/index.ts;packages/dsh-plugin/client/selection-native.ts;packages/plugin-apps/client/component-handlers.ts","test/plugin-apps/native-session.test.ts;test/apps-components/interaction.test.ts","E-FULL-4;E-NATIVE-READ-7;E-FULL-10;E-FROZEN-10","NOT_RUN","candidate7人工手动发送应用引用并真实只读调用；商品选择附件attached/uploaded/submitted/consumed各段及A/B全断言仍NOT_RUN","parent caea8175b5c7507bf942b2e752a7327063bfdd43 + uncommitted A.2 source snapshot; candidate10 build-manifest 143 sourceInputs zero mismatches; standalone backup module de45172149112ee6ff17f3baf57b43eb568b55019c85cf3020032d4917ff31bf; candidate9 installed/native-failure and candidate7 historical site scopes kept separately","7a07175ca7d824c5b68892c5eb6c0492abd8bf75c7f0df27b5d4029e0a54e84a","MANUAL_SEND_APP_REFERENCE_READONLY_CONSUMED;SELECTION_ATTACHMENT_UPLOAD_CONSUMPTION_NOT_RUN","candidate10 Host10 Runtime7 schema4; full706/typecheck/source143 frozen; not installed; historical E-V/maintenance and candidate7/9 scopes as indexed","candidate7 Host7 Runtime5 schema4; candidate9 installed/runtime/reopen proof separate","46a5d6c9910027c19c33b9327270f6418b51434d8018e06e770b21d302bcb524",""
"REQ-067","原 Agent 自主创作整链必须用真实模型复核","A.2","TST-067","TODO-042","REQ-025;REQ-043;REQ-045;REQ-047","AC-13-02;AC-13-03;AC-13-06","LIVE_MODEL","TARGET_NOT_ACCEPTED","","SUPPORT_IMPLEMENTED_REAL_MODEL_SOURCE_BUILD_PREVIEW_FEEDBACK_OBSERVED_NATIVE_MOUNT_FAILED_NOT_ACCEPTED","PASS_RELATED_TESTS_NOT_FORMAL_TST","FIXTURE;SOURCE_EXEC;LIVE_HOST+LIVE_MODEL candidate7 one native @/human manual-send/readonly turn only;LIVE_HOST+LIVE_MODEL candidate9 original @/manual-send external Agent creation; source/build/preview/read_image/feedback observed; native mounting failed; no original composer attachment or save;FIXTURE candidate10 independent candidate discovery/single frame lifecycle; related164/final13; independent source review four FIX_VERIFIED; no LIVE_HOST acceptance","packages/plugin-apps/src/index.ts;skills/hallmark-component-design/SKILL.md;scripts/create-apps-source.mjs;scripts/apps-authoring-build.mjs;scripts/apps-authoring-preview.mjs","test/plugin-apps/native-guidance.test.ts;test/authoring/http.test.ts","E-FULL-4;E-PACK-9;E-SOURCE-9;E-NATIVE-READ-7;E-MODEL-CREATION-9;E-FULL-10;E-FROZEN-10;E-SURFACE-10;E-V-SURFACE-10;E-PACK-10;E-SOURCE-10","NOT_RUN","9真实原Agent turn结束，技能工具/源码/build/双视口preview/read_image/反馈修改有历史，原生挂载失败；10客户端修复已打包/隔离检查通过未安装。待实际显示/原输入附加，明确保存/另会话重开/附件消费；本轮暂不保存，预览附件不代签","parent caea8175b5c7507bf942b2e752a7327063bfdd43 + uncommitted A.2 source snapshot; candidate10 build-manifest 143 sourceInputs zero mismatches; standalone backup module de45172149112ee6ff17f3baf57b43eb568b55019c85cf3020032d4917ff31bf; candidate9 installed/native-failure and candidate7 historical site scopes kept separately","7a07175ca7d824c5b68892c5eb6c0492abd8bf75c7f0df27b5d4029e0a54e84a","CANDIDATE9_REAL_MODEL_TURN_ENDED_SOURCE_BUILD_PREVIEW_READ_IMAGE_FEEDBACK_OBSERVED;NATIVE_MOUNT_FAILED;NO_ORIGINAL_COMPOSER_ATTACHMENT_OR_SAVE","candidate10 Host10 Runtime7 schema4; full706/typecheck/source143 frozen; not installed; historical E-V/maintenance and candidate7/9 scopes as indexed","candidate9 Host9 Runtime7 schema4; frozen original native creation history and read-only durable state supplement","dc0c884bcaa0f94d063ddbd9ad2a484b2e877293a0a3c39310b6017955a89154","46a5d6c9910027c19c33b9327270f6418b51434d8018e06e770b21d302bcb524"
"REQ-068","手动创作不依赖可选 requestAgent","A.2","TST-068","TODO-041;TODO-042","REQ-030;REQ-031;REQ-041","AC-13-09","LIVE_HOST","TARGET_NOT_ACCEPTED","","IMPLEMENTED_RELATED_CHECKS_PASS","PASS_RELATED_TESTS_NOT_FORMAL_TST","FIXTURE;LIVE_HOST+LIVE_MODEL candidate7 one native @/human manual-send/readonly turn only","packages/plugin-apps/src/index.ts;packages/dsh-compat/src/index.ts","test/plugin-apps/native-session.test.ts;test/apps-components/agent-actions.test.ts","E-FULL-4;E-NATIVE-READ-7;E-FULL-10;E-FROZEN-10","NOT_RUN","candidate7原人工手动发送只读已观察；组件手动创作链/adapter关闭及启用路径分别完成原scope","parent caea8175b5c7507bf942b2e752a7327063bfdd43 + uncommitted A.2 source snapshot; candidate10 build-manifest 143 sourceInputs zero mismatches; standalone backup module de45172149112ee6ff17f3baf57b43eb568b55019c85cf3020032d4917ff31bf; candidate9 installed/native-failure and candidate7 historical site scopes kept separately","7a07175ca7d824c5b68892c5eb6c0492abd8bf75c7f0df27b5d4029e0a54e84a","ONE_HUMAN_MANUAL_SEND_READONLY_APP_TURN_OBSERVED;MANUAL_AUTHORING_NOT_RUN","candidate10 Host10 Runtime7 schema4; full706/typecheck/source143 frozen; not installed; historical E-V/maintenance and candidate7/9 scopes as indexed","candidate7 Host7 Runtime5 schema4; candidate9 installed/runtime/reopen proof separate","46a5d6c9910027c19c33b9327270f6418b51434d8018e06e770b21d302bcb524",""
"REQ-069","应用目录与组件库的局部 UI 完整性","A.2","TST-069","TODO-043","REQ-002;REQ-005;REQ-025;REQ-033","AC-13-05;AC-13-08","LIVE_HOST","TARGET_NOT_ACCEPTED","","CANDIDATE10_UI_REMEDIATION_PACKED_VISUAL26_RECHECK_PASS_NOT_INSTALLED","PASS_RELATED_TESTS_VISUAL_SITE_FINDING_UNRESOLVED_NOT_FORMAL_TST","FIXTURE;LIVE_HOST screenshot review confirms visual reference mismatch; remediation in progress;FIXTURE pre-candidate10 production React/synthetic API 26 assertions PASS/typecheck PASS; result frozen before packaging; no installed DSH GUI;FIXTURE candidate10 independent candidate discovery/single frame lifecycle; related164/final13; independent source review four FIX_VERIFIED; no LIVE_HOST acceptance;FIXTURE candidate10 production React/synthetic API visual26 recheck PASS; packed source verified; not installed","packages/plugin-apps/client/directory.tsx;packages/plugin-apps/client/workspace.tsx;packages/plugin-apps/client/view.tsx","test/plugin-apps/native-workspace.test.ts;test/plugin-apps/client.test.ts;test/browser/apps-visual-run.mjs;test/browser/apps-visual-fixture.tsx","E-FULL-4;E-VISUAL-FINDING-9;E-UI-LOCAL;E-FULL-10;E-FROZEN-10;E-SURFACE-10;E-V-SURFACE-10;E-VISUAL-10","NOT_RUN","candidate9目录视觉失败保留；10局部生产React整改已打包，26合成API视觉fixture复验/类型检查通过、143源输入无差异，未安装；新候选实际桌面窄宽/键盘/长标题/原shell共存和VISUAL仍待验","parent caea8175b5c7507bf942b2e752a7327063bfdd43 + uncommitted A.2 source snapshot; candidate10 build-manifest 143 sourceInputs zero mismatches; standalone backup module de45172149112ee6ff17f3baf57b43eb568b55019c85cf3020032d4917ff31bf; candidate9 installed/native-failure and candidate7 historical site scopes kept separately","7a07175ca7d824c5b68892c5eb6c0492abd8bf75c7f0df27b5d4029e0a54e84a","CANDIDATE9_VISUAL_REFERENCE_MISMATCH;CANDIDATE10_PACKED_VISUAL26_FIXTURE_PASS_NOT_INSTALLED","candidate10 Host10 Runtime7 schema4; full706/typecheck/source143 frozen; not installed; historical E-V/maintenance and candidate7/9 scopes as indexed","candidate9 actual Apps screenshot review","dc0c884bcaa0f94d063ddbd9ad2a484b2e877293a0a3c39310b6017955a89154",""
"REQ-070","新建、编辑、展示和明确保存是四个不同动作","A.2","TST-070","TODO-043;TODO-044","REQ-026;REQ-033","AC-13-02;AC-13-05","FIXTURE+LIVE_HOST","TARGET_NOT_ACCEPTED","","IMPLEMENTED_RELATED_CHECKS_PASS","PASS_RELATED_TESTS_NOT_FORMAL_TST","FIXTURE;LIVE_HOST+LIVE_MODEL candidate9 original @/manual-send external Agent creation; source/build/preview/read_image/feedback observed; native mounting failed; no original composer attachment or save;FIXTURE candidate10 independent candidate discovery/single frame lifecycle; related164/final13; independent source review four FIX_VERIFIED; no LIVE_HOST acceptance","packages/app-presentation/src/authoring.ts;packages/plugin-apps/client/workspace.tsx","test/authoring/backend.test.ts;test/plugin-apps/native-workspace.test.ts","E-FULL-4;E-V-57;E-MODEL-CREATION-9;E-FULL-10;E-FROZEN-10;E-SURFACE-10;E-V-SURFACE-10","NOT_RUN","9原Agent新建/反馈编辑和实际预览已有历史，原生显示失败，用户暂不保存；10修复已打包未安装；实际显示后明确保存/自然语言保存仍待验","parent caea8175b5c7507bf942b2e752a7327063bfdd43 + uncommitted A.2 source snapshot; candidate10 build-manifest 143 sourceInputs zero mismatches; standalone backup module de45172149112ee6ff17f3baf57b43eb568b55019c85cf3020032d4917ff31bf; candidate9 installed/native-failure and candidate7 historical site scopes kept separately","7a07175ca7d824c5b68892c5eb6c0492abd8bf75c7f0df27b5d4029e0a54e84a","CANDIDATE9_REAL_AGENT_CREATE_EDIT_AND_PREVIEW_OBSERVED;NATIVE_DISPLAY_FAILED;SAVE_NOT_REQUESTED","candidate10 Host10 Runtime7 schema4; full706/typecheck/source143 frozen; not installed; historical E-V/maintenance and candidate7/9 scopes as indexed","candidate9 Host9 Runtime7 schema4; frozen original native creation history and read-only durable state supplement","dc0c884bcaa0f94d063ddbd9ad2a484b2e877293a0a3c39310b6017955a89154",""
"REQ-071","源版本、更新基线与保存 CAS","A.2","TST-071","TODO-044","REQ-020;REQ-026;REQ-033","AC-13-05;AC-13-08","FIXTURE+LIVE_HOST","TARGET_NOT_ACCEPTED","","IMPLEMENTED_RELATED_CHECKS_PASS","PASS_RELATED_TESTS_NOT_FORMAL_TST","FIXTURE","packages/app-presentation/src/authoring.ts;packages/plugin-apps/client/workspace.tsx","test/authoring/backend.test.ts;test/plugin-apps/native-recovery.test.ts","E-FULL-4;E-V-57;E-FULL-10;E-FROZEN-10","NOT_RUN","LIVE_HOST 两会话竞争、历史 sourceRevision 与保存基线对账","parent caea8175b5c7507bf942b2e752a7327063bfdd43 + uncommitted A.2 source snapshot; candidate10 build-manifest 143 sourceInputs zero mismatches; standalone backup module de45172149112ee6ff17f3baf57b43eb568b55019c85cf3020032d4917ff31bf; candidate9 installed/native-failure and candidate7 historical site scopes kept separately","7a07175ca7d824c5b68892c5eb6c0492abd8bf75c7f0df27b5d4029e0a54e84a","NOT_RUN","candidate10 Host10 Runtime7 schema4; full706/typecheck/source143 frozen; not installed; historical E-V/maintenance and candidate7/9 scopes as indexed","NOT_RUN","",""
"REQ-072","重命名、移除视图与删除库项的语义","A.2","TST-072","TODO-027;TODO-044;TODO-045","REQ-026;REQ-033;REQ-039","AC-13-05","FIXTURE+LIVE_HOST","TARGET_NOT_ACCEPTED","","IMPLEMENTED_RELATED_CHECKS_PASS","PASS_RELATED_TESTS_NOT_FORMAL_TST","FIXTURE","packages/app-presentation/src/authoring.ts;packages/plugin-apps/client/workspace.tsx;packages/app-migration/src/maintenance.ts","test/authoring/backend.test.ts;test/plugin-apps/native-workspace.test.ts","E-FULL-4;E-V-57;E-FULL-10;E-FROZEN-10","NOT_RUN","LIVE_HOST 重命名/移除 view/删除库项与历史保留","parent caea8175b5c7507bf942b2e752a7327063bfdd43 + uncommitted A.2 source snapshot; candidate10 build-manifest 143 sourceInputs zero mismatches; standalone backup module de45172149112ee6ff17f3baf57b43eb568b55019c85cf3020032d4917ff31bf; candidate9 installed/native-failure and candidate7 historical site scopes kept separately","7a07175ca7d824c5b68892c5eb6c0492abd8bf75c7f0df27b5d4029e0a54e84a","NOT_RUN","candidate10 Host10 Runtime7 schema4; full706/typecheck/source143 frozen; not installed; historical E-V/maintenance and candidate7/9 scopes as indexed","NOT_RUN","",""
"REQ-073","新增创作证据与状态必须纳入备份和 GC","A.2","TST-073","TODO-045;TODO-048","REQ-034;REQ-036;REQ-039","","FIXTURE","TARGET_NOT_ACCEPTED","","IMPLEMENTED_RELATED_CHECKS_PASS","PASS_RELATED_TESTS_NOT_FORMAL_TST","FIXTURE;SOURCE_EXEC;DATA_CUTOVER actual backup/restore steps","packages/app-migration/src/runtime-backup.ts;packages/app-migration/src/maintenance.ts;packages/source-components/src/evidence-relocation.ts;scripts/backup-apps.mjs","test/apps-migration/runtime-backup.test.ts;test/apps-migration/migration.test.ts;test/apps-migration/context-retention.test.ts","E-FULL-4;E-V-57;E-BACKUP-17;E-V-17;E-BACKUP-LIVE;E-RESTORE-LIVE;E-FULL-10;E-FROZEN-10","NOT_RUN","实际备份284文件/25集合、恢复404映射通过；正式TST-073全部断言、恢复后实际编辑/依赖重建与GC范围签认","parent caea8175b5c7507bf942b2e752a7327063bfdd43 + uncommitted A.2 source snapshot; candidate10 build-manifest 143 sourceInputs zero mismatches; standalone backup module de45172149112ee6ff17f3baf57b43eb568b55019c85cf3020032d4917ff31bf; candidate9 installed/native-failure and candidate7 historical site scopes kept separately","7a07175ca7d824c5b68892c5eb6c0492abd8bf75c7f0df27b5d4029e0a54e84a","FULL_BACKUP_VERIFY_NEW_ROOT_RESTORE_PASS;FIRST_REFUSAL_PRESERVED","candidate10 Host10 Runtime7 schema4; full706/typecheck/source143 frozen; not installed; historical E-V/maintenance and candidate7/9 scopes as indexed","candidate7 Host7 Runtime5 schema4; maintenance source identity recorded separately; candidate9 installed/runtime/reopen proof separate","46a5d6c9910027c19c33b9327270f6418b51434d8018e06e770b21d302bcb524",""
"REQ-074","刷新与构建分离且每个绑定独立报告","A.2","TST-074","TODO-039;TODO-046","REQ-016;REQ-028;REQ-032;REQ-033;REQ-035","AC-13-07","FIXTURE+LIVE_HOST","TARGET_NOT_ACCEPTED","","IMPLEMENTED_RELATED_CHECKS_PASS","PASS_RELATED_TESTS_NOT_FORMAL_TST","FIXTURE;CLOCK_CONTROL","packages/app-presentation/src/index.ts;packages/service/src/apps-scheduler.ts;packages/component-runtime/src/apps-react.tsx","test/apps-components/presentation.test.ts;test/service/apps-scheduler.test.ts;test/authoring/backend.test.ts","E-FULL-4;E-CONFIG;E-V-57;E-FULL-10;E-FROZEN-10","NOT_RUN","LIVE_HOST 独立绑定刷新失败快照、状态及选择重验","parent caea8175b5c7507bf942b2e752a7327063bfdd43 + uncommitted A.2 source snapshot; candidate10 build-manifest 143 sourceInputs zero mismatches; standalone backup module de45172149112ee6ff17f3baf57b43eb568b55019c85cf3020032d4917ff31bf; candidate9 installed/native-failure and candidate7 historical site scopes kept separately","7a07175ca7d824c5b68892c5eb6c0492abd8bf75c7f0df27b5d4029e0a54e84a","NOT_RUN","candidate10 Host10 Runtime7 schema4; full706/typecheck/source143 frozen; not installed; historical E-V/maintenance and candidate7/9 scopes as indexed","NOT_RUN","",""
"REQ-075","后台计划真实装配或明确不可用","A.2","TST-075","TODO-046","REQ-032;REQ-033;REQ-035;REQ-045","","FIXTURE+CLOCK_CONTROL","TARGET_NOT_ACCEPTED","","IMPLEMENTED_RELATED_CHECKS_PASS","PASS_RELATED_TESTS_NOT_FORMAL_TST","FIXTURE;CLOCK_CONTROL","packages/service/src/apps-scheduler.ts;packages/service/src/apps-main.ts;packages/app-presentation/src/index.ts","test/service/apps-scheduler.test.ts;test/apps-components/presentation.test.ts","E-FULL-4;E-CONFIG;E-V-57;E-ENTRY-LIVE;E-FULL-10;E-FROZEN-10","NOT_RUN","TST-075全断言归档；实际Runtime已启动，关UI后的后台计划执行/显示尚须直接核实","parent caea8175b5c7507bf942b2e752a7327063bfdd43 + uncommitted A.2 source snapshot; candidate10 build-manifest 143 sourceInputs zero mismatches; standalone backup module de45172149112ee6ff17f3baf57b43eb568b55019c85cf3020032d4917ff31bf; candidate9 installed/native-failure and candidate7 historical site scopes kept separately","7a07175ca7d824c5b68892c5eb6c0492abd8bf75c7f0df27b5d4029e0a54e84a","NOT_RUN","candidate10 Host10 Runtime7 schema4; full706/typecheck/source143 frozen; not installed; historical E-V/maintenance and candidate7/9 scopes as indexed","NOT_RUN","",""
"REQ-076","连接配置权威与 client 缓存一致","A.2","TST-076","TODO-047","REQ-007;REQ-009;REQ-020;REQ-034","","FIXTURE","TARGET_NOT_ACCEPTED","","IMPLEMENTED_RELATED_CHECKS_PASS","PASS_RELATED_TESTS_NOT_FORMAL_TST","FIXTURE;ISOLATED_SOURCE health timeout/cache/401/no business-write retry;LIVE_INSTALLED_FILES+LIVE_RUNTIME candidate9 files/sourceInputs/health; desktop normal reopen; native memory acceptance pending","packages/app-runtime/src/connection-lifecycle.ts;packages/service/src/apps-main.ts;packages/app-hallmark/src/index.ts;packages/hallmark-adapter/client.ts","test/apps-runtime/connection-config.test.ts;test/adapter/health.test.ts","E-FULL-4;E-CONFIG;E-V-57;E-HEALTH-SOURCE;E-INSTALL-9;E-LIVE-9;E-FULL-10;E-FROZEN-10","NOT_RUN","TST-076 全断言正式归档及运行连接显示/实际请求核对","parent caea8175b5c7507bf942b2e752a7327063bfdd43 + uncommitted A.2 source snapshot; candidate10 build-manifest 143 sourceInputs zero mismatches; standalone backup module de45172149112ee6ff17f3baf57b43eb568b55019c85cf3020032d4917ff31bf; candidate9 installed/native-failure and candidate7 historical site scopes kept separately","7a07175ca7d824c5b68892c5eb6c0492abd8bf75c7f0df27b5d4029e0a54e84a","CANDIDATE9_ACTUAL_RUNTIME_AND_BACKEND_HEALTH_OK;FULL_CONFIGURATION_CACHE_DRAIN_NATIVE_SCOPE_PENDING","candidate10 Host10 Runtime7 schema4; full706/typecheck/source143 frozen; not installed; historical E-V/maintenance and candidate7/9 scopes as indexed","candidate9 Host9 disk / Runtime7 actual/schema4; E-INSTALL7/E-ENTRY/E-NATIVE-READ7 historical as indexed","dc0c884bcaa0f94d063ddbd9ad2a484b2e877293a0a3c39310b6017955a89154","46a5d6c9910027c19c33b9327270f6418b51434d8018e06e770b21d302bcb524"
"REQ-077","证据范围、版本和引用不可混用","A.2","TST-077","TODO-027;TODO-049;TODO-050","REQ-041;REQ-042;REQ-044;REQ-046;REQ-047","","DOC+FIXTURE","TARGET_NOT_ACCEPTED","","DELIVERY_IN_PROGRESS","PASS_RELATED_TESTS_NOT_FORMAL_TST","DOC;FIXTURE;SOURCE_EXEC;LIVE_INSTALLED_FILES+LIVE_RUNTIME candidate9 files/sourceInputs/health; desktop normal reopen; native memory acceptance pending;FIXTURE pre-candidate10 production React/synthetic API 26 assertions PASS/typecheck PASS; result frozen before packaging; no installed DSH GUI;FIXTURE candidate10 independent candidate discovery/single frame lifecycle; related164/final13; independent source review four FIX_VERIFIED; no LIVE_HOST acceptance;FIXTURE candidate10 production React/synthetic API visual26 recheck PASS; packed source verified; not installed","docs/apps-a2-execution.md;docs/apps-a2-tasks.md;docs/apps-a2-progress.csv;scripts/build-apps-bundle.mjs;scripts/verify-apps-sdk.mjs","test/plugin-apps/versions.test.ts;test/authoring/descriptors.test.ts","E-FULL-4;E-PACK-9;E-SOURCE-9;E-SMOKE-9;E-BACKUP-LIVE;E-RESTORE-LIVE;E-ENTRY-LIVE;E-NATIVE-READ-7;E-HEALTH-SOURCE;E-STOCK-SOURCE;E-V-STOCK-52;E-INSTALL-9;E-LIVE-9;E-BACKUP-PRE-9;E-V-BUSINESS;E-MODEL-CREATION-9;E-VISUAL-FINDING-9;E-UI-LOCAL;E-FULL-10;E-FROZEN-10;E-SURFACE-10;E-V-SURFACE-10;E-VISUAL-10;E-PACK-10;E-SOURCE-10;E-INSTALL-PLAN-10;E-SMOKE-10","NOT_RUN","当前10包hash/706/typecheck/143源输入/实际CLI双视口/视觉26/只读smoke冻结，ValidateOnly通过未安装；现场9安装/业务恢复/真实Agent挂载失败与7只读历史分列；80逐卡/最终commit/四门禁未完成","parent caea8175b5c7507bf942b2e752a7327063bfdd43 + uncommitted A.2 source snapshot; candidate10 build-manifest 143 sourceInputs zero mismatches; standalone backup module de45172149112ee6ff17f3baf57b43eb568b55019c85cf3020032d4917ff31bf; candidate9 installed/native-failure and candidate7 historical site scopes kept separately","7a07175ca7d824c5b68892c5eb6c0492abd8bf75c7f0df27b5d4029e0a54e84a","CANDIDATE10_PACKAGE_AND_ISOLATED_PROOFS_FROZEN_NOT_INSTALLED;CANDIDATE9_NATIVE_MOUNT_FAILURE_HISTORY_PRESERVED;FINAL_DELIVERY_NOT_ACCEPTED","candidate10 Host10 Runtime7 schema4; full706/typecheck/source143 frozen; not installed; historical E-V/maintenance and candidate7/9 scopes as indexed","candidate9 Host9 disk / Runtime7 actual/schema4; E-INSTALL7/E-ENTRY/E-NATIVE-READ7 historical as indexed","dc0c884bcaa0f94d063ddbd9ad2a484b2e877293a0a3c39310b6017955a89154","46a5d6c9910027c19c33b9327270f6418b51434d8018e06e770b21d302bcb524"
"REQ-078","真实 Hallmark 核心业务按动作分别验收","A.2","TST-078","TODO-048","REQ-003;REQ-004;REQ-013;REQ-017;REQ-018;REQ-043","","REAL_BUSINESS","TARGET_NOT_ACCEPTED","","REAL_BUSINESS_PRICE_AND_STOCK_FOUR_MUTATIONS_READBACK_RESTORE_PASS_SCOPE_LISTING_PENDING","PASS_RELATED_TESTS_NOT_FORMAL_TST","FIXTURE stock52/52 health108/108;SCRIPT_REAL_BUSINESS four exact mutation operations each one Source write/HTTP200/succeeded and independentreadbacks54.80to54.79/201to200;nativeUI/model business not accepted","packages/app-hallmark/src/index.ts;packages/hallmark-adapter/task-broker.ts;packages/hallmark-adapter/client.ts;packages/core/src/write.ts","test/app-hallmark/provider.test.ts;test/core/refresh-write.test.ts;test/adapter/ordinary-price-contract.test.ts;test/core/stock-readback.test.ts;test/adapter/health.test.ts","E-FULL-4;E-BUSINESS-RUN;E-STOCK-SOURCE;E-V-STOCK-52;E-HEALTH-SOURCE;E-INSTALL-9;E-LIVE-9;E-V-BUSINESS;E-FULL-10;E-FROZEN-10","NOT_RUN","本次四个mutation及独立读回恢复PASS，旧stocktest只inspect未重发、STOPPED历史保留；上品/原生UI/模型业务操作及完整TST078仍未验收","parent caea8175b5c7507bf942b2e752a7327063bfdd43 + uncommitted A.2 source snapshot; candidate10 build-manifest 143 sourceInputs zero mismatches; standalone backup module de45172149112ee6ff17f3baf57b43eb568b55019c85cf3020032d4917ff31bf; candidate9 installed/native-failure and candidate7 historical site scopes kept separately","7a07175ca7d824c5b68892c5eb6c0492abd8bf75c7f0df27b5d4029e0a54e84a","FOUR_SCRIPT_REAL_BUSINESS_MUTATIONS_SUCCEEDED_SINGLE_DISPATCH_READBACK_RESTORE_PASS;PRICE54.79_STOCK200_FINAL;LISTING_NOT_RUN;NATIVE_UI_MODEL_BUSINESS_NOT_ACCEPTED","candidate10 Host10 Runtime7 schema4; full706/typecheck/source143 frozen; not installed; historical E-V/maintenance and candidate7/9 scopes as indexed","candidate9 Host9 disk / Runtime7 actual/schema4; E-INSTALL7/E-ENTRY/E-NATIVE-READ7 historical as indexed","dc0c884bcaa0f94d063ddbd9ad2a484b2e877293a0a3c39310b6017955a89154","46a5d6c9910027c19c33b9327270f6418b51434d8018e06e770b21d302bcb524"
"REQ-079","生产数据切换与入口升级分开签认","A.2","TST-079","TODO-048;TODO-050","REQ-036;REQ-037;REQ-038;REQ-039;REQ-042","","FIXTURE+DATA_CUTOVER","TARGET_NOT_ACCEPTED","","IMPLEMENTED_RELATED_CHECKS_PASS","PASS_RELATED_TESTS_NOT_FORMAL_TST","FIXTURE;DATA_CUTOVER actual offline migration/backup/restore/unique writer/profile entry/reopen steps;LIVE_INSTALLED_FILES+LIVE_RUNTIME candidate9 files/sourceInputs/health; desktop normal reopen; native memory acceptance pending","packages/app-migration/src/schema4.ts;packages/app-migration/src/runtime-backup.ts;packages/app-migration/src/maintenance.ts;scripts/migrate-apps-schema4.mjs;scripts/install-desktop-apps.ps1","test/apps-migration/schema4.test.ts;test/apps-migration/full-rehearsal.test.ts;test/apps-migration/runtime-backup.test.ts","E-FULL-4;E-MIGRATE-4;E-INSTALL-7;E-BACKUP-17;E-V-17;E-BACKUP-LIVE;E-RESTORE-LIVE;E-ENTRY-LIVE;E-INSTALL-9;E-LIVE-9;E-BACKUP-PRE-9;E-FULL-10;E-FROZEN-10;E-INSTALL-PLAN-10;E-SMOKE-10","NOT_RUN","实际源迁移/284文件备份/404映射恢复/唯一writer入口与9更新前294文件25集合备份/安装/重开已记录；10包Runtime7产物不变且ValidateOnly通过、未安装/未再迁移；完整历史/草稿对账与条件回退/TST079仍待验","parent caea8175b5c7507bf942b2e752a7327063bfdd43 + uncommitted A.2 source snapshot; candidate10 build-manifest 143 sourceInputs zero mismatches; standalone backup module de45172149112ee6ff17f3baf57b43eb568b55019c85cf3020032d4917ff31bf; candidate9 installed/native-failure and candidate7 historical site scopes kept separately","7a07175ca7d824c5b68892c5eb6c0492abd8bf75c7f0df27b5d4029e0a54e84a","MIGRATION_BACKUP_VERIFY_RESTORE_UNIQUE_WRITER_PROFILE_SWITCH_PASS_STEPS;CANDIDATE9_PREUPGRADE_FULL_BACKUP_OFFICIAL_INSTALL_RUNTIME_NORMAL_REOPEN_PASS;PROFILE_DATADIR_NOT_RESWITCHED","candidate10 Host10 Runtime7 schema4; full706/typecheck/source143 frozen; not installed; historical E-V/maintenance and candidate7/9 scopes as indexed","candidate9 Host9 disk / Runtime7 actual/schema4; E-INSTALL7/E-ENTRY/E-NATIVE-READ7 historical as indexed","dc0c884bcaa0f94d063ddbd9ad2a484b2e877293a0a3c39310b6017955a89154","46a5d6c9910027c19c33b9327270f6418b51434d8018e06e770b21d302bcb524"
"REQ-080","整架构分范围放行与可复现交付","A.2","TST-080","TODO-049;TODO-050","REQ-006;REQ-041;REQ-042;REQ-045;REQ-046;REQ-047;REQ-048","","DOC+LIVE_HOST","TARGET_NOT_ACCEPTED","","DELIVERY_IN_PROGRESS","PASS_RELATED_TESTS_NOT_FORMAL_TST","DOC;FIXTURE;SOURCE_EXEC;LIVE_HOST installation and normal reopen only;LIVE_RUNTIME identity read;LIVE_HOST+LIVE_MODEL candidate7 one native @/human manual-send/readonly turn only;LIVE_INSTALLED_FILES+LIVE_RUNTIME candidate9 files/sourceInputs/health; desktop normal reopen; native memory acceptance pending;FIXTURE pre-candidate10 production React/synthetic API 26 assertions PASS/typecheck PASS; result frozen before packaging; no installed DSH GUI;FIXTURE candidate10 independent candidate discovery/single frame lifecycle; related164/final13; independent source review four FIX_VERIFIED; no LIVE_HOST acceptance;FIXTURE candidate10 production React/synthetic API visual26 recheck PASS; packed source verified; not installed","docs/apps-a2-execution.md;scripts/install-desktop-apps.ps1;scripts/build-apps-bundle.mjs","test/plugin-apps/versions.test.ts;test/plugin-apps/native-lifecycle.test.ts","E-FULL-4;E-PACK-9;E-SMOKE-9;E-INSTALL-7;E-ENTRY-LIVE;E-NATIVE-READ-7;E-INSTALL-9;E-LIVE-9;E-BACKUP-PRE-9;E-V-BUSINESS;E-MODEL-CREATION-9;E-VISUAL-FINDING-9;E-UI-LOCAL;E-FULL-10;E-FROZEN-10;E-SURFACE-10;E-V-SURFACE-10;E-VISUAL-10;E-PACK-10;E-SOURCE-10;E-INSTALL-PLAN-10;E-SMOKE-10","NOT_RUN","10已打包706/26视觉/13候选专项/source review/143源输入/包内实际CLI双视口与只读smoke通过，ValidateOnly通过、现场仍9、已请求正常退出；实际安装/原生挂载/视觉/注册/内存Host/卸载、正式逐卡/最终commit/四门禁未完成","parent caea8175b5c7507bf942b2e752a7327063bfdd43 + uncommitted A.2 source snapshot; candidate10 build-manifest 143 sourceInputs zero mismatches; standalone backup module de45172149112ee6ff17f3baf57b43eb568b55019c85cf3020032d4917ff31bf; candidate9 installed/native-failure and candidate7 historical site scopes kept separately","7a07175ca7d824c5b68892c5eb6c0492abd8bf75c7f0df27b5d4029e0a54e84a","CANDIDATE10_PACKED_ISOLATED_CHECKS_PASS_VALIDATE_ONLY_PENDING_NORMAL_EXIT_NOT_INSTALLED;CANDIDATE9_NATIVE_MOUNT_FAILED;PRICE_STOCK_RESTORED;FOUR_GATES_NOT_ACCEPTED","candidate10 Host10 Runtime7 schema4; full706/typecheck/source143 frozen; not installed; historical E-V/maintenance and candidate7/9 scopes as indexed","candidate9 Host9 disk / Runtime7 actual/schema4; E-INSTALL7/E-ENTRY/E-NATIVE-READ7 historical as indexed","dc0c884bcaa0f94d063ddbd9ad2a484b2e877293a0a3c39310b6017955a89154","46a5d6c9910027c19c33b9327270f6418b51434d8018e06e770b21d302bcb524"
